"year","met_year","yr_part","month","m0001"
1900,1900,1900.04166666667,1,11.2246
1900,1900,1900.125,2,11.5675
1900,1900,1900.20833333333,3,12.2686
1900,1900,1900.29166666667,4,13.2537
1900,1900,1900.375,5,14.1712
1900,1900,1900.45833333333,6,14.8178
1900,1900,1900.54166666667,7,15.0603
1900,1900,1900.625,8,14.8479
1900,1900,1900.70833333333,9,14.1328
1900,1900,1900.79166666667,10,13.13
1900,1900,1900.875,11,12.1209
1900,1901,1900.95833333333,12,11.4503
1901,1901,1901.04166666667,1,11.2667
1901,1901,1901.125,2,11.6034
1901,1901,1901.20833333333,3,12.2672
1901,1901,1901.29166666667,4,13.2375
1901,1901,1901.375,5,14.162
1901,1901,1901.45833333333,6,14.8104
1901,1901,1901.54166666667,7,15.0888
1901,1901,1901.625,8,14.8491
1901,1901,1901.70833333333,9,14.1142
1901,1901,1901.79166666667,10,13.109
1901,1901,1901.875,11,12.0961
1901,1902,1901.95833333333,12,11.4096
1902,1902,1902.04166666667,1,11.2138
1902,1902,1902.125,2,11.572
1902,1902,1902.20833333333,3,12.2716
1902,1902,1902.29166666667,4,13.2444
1902,1902,1902.375,5,14.1496
1902,1902,1902.45833333333,6,14.8299
1902,1902,1902.54166666667,7,15.0901
1902,1902,1902.625,8,14.8696
1902,1902,1902.70833333333,9,14.1334
1902,1902,1902.79166666667,10,13.1161
1902,1902,1902.875,11,12.1013
1902,1903,1902.95833333333,12,11.4046
1903,1903,1903.04166666667,1,11.2337
1903,1903,1903.125,2,11.536
1903,1903,1903.20833333333,3,12.2234
1903,1903,1903.29166666667,4,13.1656
1903,1903,1903.375,5,14.1052
1903,1903,1903.45833333333,6,14.7543
1903,1903,1903.54166666667,7,14.9977
1903,1903,1903.625,8,14.7787
1903,1903,1903.70833333333,9,14.0552
1903,1903,1903.79166666667,10,13.0482
1903,1903,1903.875,11,12.0464
1903,1904,1903.95833333333,12,11.3431
1904,1904,1904.04166666667,1,11.171
1904,1904,1904.125,2,11.4966
1904,1904,1904.20833333333,3,12.2393
1904,1904,1904.29166666667,4,13.1719000000001
1904,1904,1904.375,5,14.1164
1904,1904,1904.45833333333,6,14.7639
1904,1904,1904.54166666667,7,15.0102
1904,1904,1904.625,8,14.7932
1904,1904,1904.70833333333,9,14.0515
1904,1904,1904.79166666667,10,13.0556
1904,1904,1904.875,11,12.0315000000001
1904,1905,1904.95833333333,12,11.3477
1905,1905,1905.04166666667,1,11.2078
1905,1905,1905.125,2,11.5083
1905,1905,1905.20833333333,3,12.2564
1905,1905,1905.29166666667,4,13.2123
1905,1905,1905.375,5,14.125
1905,1905,1905.45833333333,6,14.7684
1905,1905,1905.54166666667,7,15.0438
1905,1905,1905.625,8,14.8279
1905,1905,1905.70833333333,9,14.0997
1905,1905,1905.79166666667,10,13.0825
1905,1905,1905.875,11,12.0949
1905,1906,1905.95833333333,12,11.4346
1906,1906,1906.04166666667,1,11.2797
1906,1906,1906.125,2,11.6
1906,1906,1906.20833333333,3,12.2864
1906,1906,1906.29166666667,4,13.2139
1906,1906,1906.375,5,14.1402
1906,1906,1906.45833333333,6,14.7912
1906,1906,1906.54166666667,7,15.0434
1906,1906,1906.625,8,14.8189
1906,1906,1906.70833333333,9,14.0918
1906,1906,1906.79166666667,10,13.1025
1906,1906,1906.875,11,12.1114
1906,1907,1906.95833333333,12,11.41
1907,1907,1907.04166666667,1,11.1815
1907,1907,1907.125,2,11.5156
1907,1907,1907.20833333333,3,12.246
1907,1907,1907.29166666667,4,13.1997
1907,1907,1907.375,5,14.1381
1907,1907,1907.45833333333,6,14.7725
1907,1907,1907.54166666667,7,15.0563
1907,1907,1907.625,8,14.8319
1907,1907,1907.70833333333,9,14.0907
1907,1907,1907.79166666667,10,13.118
1907,1907,1907.875,11,12.1158
1907,1908,1907.95833333333,12,11.4302
1908,1908,1908.04166666667,1,11.2267000000001
1908,1908,1908.125,2,11.5228
1908,1908,1908.20833333333,3,12.2271
1908,1908,1908.29166666667,4,13.2242
1908,1908,1908.375,5,14.1718
1908,1908,1908.45833333333,6,14.8132
1908,1908,1908.54166666667,7,15.0711
1908,1908,1908.625,8,14.8642
1908,1908,1908.70833333333,9,14.1388
1908,1908,1908.79166666667,10,13.1625
1908,1908,1908.875,11,12.1465
1908,1909,1908.95833333333,12,11.4666
1909,1909,1909.04166666667,1,11.2853
1909,1909,1909.125,2,11.5521
1909,1909,1909.20833333333,3,12.3091
1909,1909,1909.29166666667,4,13.2382
1909,1909,1909.375,5,14.1648
1909,1909,1909.45833333333,6,14.8095
1909,1909,1909.54166666667,7,15.0491
1909,1909,1909.625,8,14.8477
1909,1909,1909.70833333333,9,14.1294
1909,1909,1909.79166666667,10,13.1145
1909,1909,1909.875,11,12.1217
1909,1910,1909.95833333333,12,11.4464
1910,1910,1910.04166666667,1,11.2372
1910,1910,1910.125,2,11.5783
1910,1910,1910.20833333333,3,12.3276
1910,1910,1910.29166666667,4,13.2628
1910,1910,1910.375,5,14.211
1910,1910,1910.45833333333,6,14.8382
1910,1910,1910.54166666667,7,15.0941
1910,1910,1910.625,8,14.8813
1910,1910,1910.70833333333,9,14.1796000000001
1910,1910,1910.79166666667,10,13.1624
1910,1910,1910.875,11,12.1524
1910,1911,1910.95833333333,12,11.4432
1911,1911,1911.04166666667,1,11.3177
1911,1911,1911.125,2,11.6095
1911,1911,1911.20833333333,3,12.3273
1911,1911,1911.29166666667,4,13.2693
1911,1911,1911.375,5,14.1852
1911,1911,1911.45833333333,6,14.8458
1911,1911,1911.54166666667,7,15.0796
1911,1911,1911.625,8,14.8782
1911,1911,1911.70833333333,9,14.1491
1911,1911,1911.79166666667,10,13.1298
1911,1911,1911.875,11,12.1065
1911,1912,1911.95833333333,12,11.3957
1912,1912,1912.04166666667,1,11.2303
1912,1912,1912.125,2,11.5385
1912,1912,1912.20833333333,3,12.3142
1912,1912,1912.29166666667,4,13.2475
1912,1912,1912.375,5,14.1865
1912,1912,1912.45833333333,6,14.8288
1912,1912,1912.54166666667,7,15.0626
1912,1912,1912.625,8,14.8334
1912,1912,1912.70833333333,9,14.1016
1912,1912,1912.79166666667,10,13.086
1912,1912,1912.875,11,12.0820000000001
1912,1913,1912.95833333333,12,11.4031
1913,1913,1913.04166666667,1,11.2547
1913,1913,1913.125,2,11.5708
1913,1913,1913.20833333333,3,12.2735
1913,1913,1913.29166666667,4,13.2354
1913,1913,1913.375,5,14.1667
1913,1913,1913.45833333333,6,14.8298
1913,1913,1913.54166666667,7,15.0501
1913,1913,1913.625,8,14.8231
1913,1913,1913.70833333333,9,14.0838
1913,1913,1913.79166666667,10,13.0651
1913,1913,1913.875,11,12.0766
1913,1914,1913.95833333333,12,11.3705
1914,1914,1914.04166666667,1,11.1831
1914,1914,1914.125,2,11.5176
1914,1914,1914.20833333333,3,12.2502
1914,1914,1914.29166666667,4,13.2314
1914,1914,1914.375,5,14.1553
1914,1914,1914.45833333333,6,14.7991
1914,1914,1914.54166666667,7,15.0623000000001
1914,1914,1914.625,8,14.8434
1914,1914,1914.70833333333,9,14.1208
1914,1914,1914.79166666667,10,13.1195
1914,1914,1914.875,11,12.1164
1914,1915,1914.95833333333,12,11.4325
1915,1915,1915.04166666667,1,11.2537
1915,1915,1915.125,2,11.5846
1915,1915,1915.20833333333,3,12.2496
1915,1915,1915.29166666667,4,13.238
1915,1915,1915.375,5,14.1953
1915,1915,1915.45833333333,6,14.8558
1915,1915,1915.54166666667,7,15.1153
1915,1915,1915.625,8,14.9053
1915,1915,1915.70833333333,9,14.1582
1915,1915,1915.79166666667,10,13.1432
1915,1915,1915.875,11,12.1901
1915,1916,1915.95833333333,12,11.5037
1916,1916,1916.04166666667,1,11.3179
1916,1916,1916.125,2,11.6432
1916,1916,1916.20833333333,3,12.3454
1916,1916,1916.29166666667,4,13.3105
1916,1916,1916.375,5,14.2494
1916,1916,1916.45833333333,6,14.9271
1916,1916,1916.54166666667,7,15.1599000000001
1916,1916,1916.625,8,14.9271
1916,1916,1916.70833333333,9,14.1826
1916,1916,1916.79166666667,10,13.1946
1916,1916,1916.875,11,12.2002
1916,1917,1916.95833333333,12,11.4933
1917,1917,1917.04166666667,1,11.293
1917,1917,1917.125,2,11.6122
1917,1917,1917.20833333333,3,12.3632
1917,1917,1917.29166666667,4,13.3363000000001
1917,1917,1917.375,5,14.2305
1917,1917,1917.45833333333,6,14.8504
1917,1917,1917.54166666667,7,15.1048
1917,1917,1917.625,8,14.8916
1917,1917,1917.70833333333,9,14.1862
1917,1917,1917.79166666667,10,13.1604
1917,1917,1917.875,11,12.154
1917,1918,1917.95833333333,12,11.4664
1918,1918,1918.04166666667,1,11.2669
1918,1918,1918.125,2,11.6376
1918,1918,1918.20833333333,3,12.3258
1918,1918,1918.29166666667,4,13.3194
1918,1918,1918.375,5,14.2421000000001
1918,1918,1918.45833333333,6,14.8914
1918,1918,1918.54166666667,7,15.1394
1918,1918,1918.625,8,14.9103
1918,1918,1918.70833333333,9,14.1994
1918,1918,1918.79166666667,10,13.2106
1918,1918,1918.875,11,12.1789
1918,1919,1918.95833333333,12,11.4887
1919,1919,1919.04166666667,1,11.3372
1919,1919,1919.125,2,11.6692
1919,1919,1919.20833333333,3,12.3969
1919,1919,1919.29166666667,4,13.3115
1919,1919,1919.375,5,14.2643
1919,1919,1919.45833333333,6,14.9082
1919,1919,1919.54166666667,7,15.1492
1919,1919,1919.625,8,14.9269
1919,1919,1919.70833333333,9,14.193
1919,1919,1919.79166666667,10,13.2190000000001
1919,1919,1919.875,11,12.2096
1919,1920,1919.95833333333,12,11.5284
1920,1920,1920.04166666667,1,11.3344
1920,1920,1920.125,2,11.6798
1920,1920,1920.20833333333,3,12.3999
1920,1920,1920.29166666667,4,13.3426
1920,1920,1920.375,5,14.2613
1920,1920,1920.45833333333,6,14.9189
1920,1920,1920.54166666667,7,15.1556
1920,1920,1920.625,8,14.9341
1920,1920,1920.70833333333,9,14.1961
1920,1920,1920.79166666667,10,13.2104
1920,1920,1920.875,11,12.1757
1920,1921,1920.95833333333,12,11.4797
1921,1921,1921.04166666667,1,11.3138
1921,1921,1921.125,2,11.6388
1921,1921,1921.20833333333,3,12.3442
1921,1921,1921.29166666667,4,13.3006
1921,1921,1921.375,5,14.2207
1921,1921,1921.45833333333,6,14.8937
1921,1921,1921.54166666667,7,15.11
1921,1921,1921.625,8,14.9217
1921,1921,1921.70833333333,9,14.1892
1921,1921,1921.79166666667,10,13.1626
1921,1921,1921.875,11,12.1858
1921,1922,1921.95833333333,12,11.4787
1922,1922,1922.04166666667,1,11.3096
1922,1922,1922.125,2,11.647
1922,1922,1922.20833333333,3,12.3652
1922,1922,1922.29166666667,4,13.2944
1922,1922,1922.375,5,14.2236
1922,1922,1922.45833333333,6,14.8983
1922,1922,1922.54166666667,7,15.1723
1922,1922,1922.625,8,14.9793
1922,1922,1922.70833333333,9,14.2512
1922,1922,1922.79166666667,10,13.2347
1922,1922,1922.875,11,12.2476
1922,1923,1922.95833333333,12,11.5932
1923,1923,1923.04166666667,1,11.3594000000001
1923,1923,1923.125,2,11.714
1923,1923,1923.20833333333,3,12.4286
1923,1923,1923.29166666667,4,13.3919
1923,1923,1923.375,5,14.329
1923,1923,1923.45833333333,6,14.9463
1923,1923,1923.54166666667,7,15.175
1923,1923,1923.625,8,14.9569
1923,1923,1923.70833333333,9,14.234
1923,1923,1923.79166666667,10,13.2049
1923,1923,1923.875,11,12.2198
1923,1924,1923.95833333333,12,11.5125
1924,1924,1924.04166666667,1,11.374
1924,1924,1924.125,2,11.6801
1924,1924,1924.20833333333,3,12.3901
1924,1924,1924.29166666667,4,13.3286
1924,1924,1924.375,5,14.24
1924,1924,1924.45833333333,6,14.8922
1924,1924,1924.54166666667,7,15.1699
1924,1924,1924.625,8,14.9318
1924,1924,1924.70833333333,9,14.2114
1924,1924,1924.79166666667,10,13.2056
1924,1924,1924.875,11,12.2189
1924,1925,1924.95833333333,12,11.5256
1925,1925,1925.04166666667,1,11.3521
1925,1925,1925.125,2,11.6446
1925,1925,1925.20833333333,3,12.3704
1925,1925,1925.29166666667,4,13.3266
1925,1925,1925.375,5,14.2805
1925,1925,1925.45833333333,6,14.926
1925,1925,1925.54166666667,7,15.1571
1925,1925,1925.625,8,14.9676
1925,1925,1925.70833333333,9,14.2303
1925,1925,1925.79166666667,10,13.2601
1925,1925,1925.875,11,12.2355
1925,1926,1925.95833333333,12,11.5457
1926,1926,1926.04166666667,1,11.3971
1926,1926,1926.125,2,11.6715
1926,1926,1926.20833333333,3,12.3952
1926,1926,1926.29166666667,4,13.3491
1926,1926,1926.375,5,14.2565
1926,1926,1926.45833333333,6,14.9087
1926,1926,1926.54166666667,7,15.1617
1926,1926,1926.625,8,14.9647000000001
1926,1926,1926.70833333333,9,14.2296
1926,1926,1926.79166666667,10,13.2167
1926,1926,1926.875,11,12.265
1926,1927,1926.95833333333,12,11.5383
1927,1927,1927.04166666667,1,11.3596
1927,1927,1927.125,2,11.7299
1927,1927,1927.20833333333,3,12.433
1927,1927,1927.29166666667,4,13.3845
1927,1927,1927.375,5,14.3236
1927,1927,1927.45833333333,6,14.9664
1927,1927,1927.54166666667,7,15.2055
1927,1927,1927.625,8,15.0029
1927,1927,1927.70833333333,9,14.2543
1927,1927,1927.79166666667,10,13.2855
1927,1927,1927.875,11,12.2851
1927,1928,1927.95833333333,12,11.6073
1928,1928,1928.04166666667,1,11.4278
1928,1928,1928.125,2,11.7065
1928,1928,1928.20833333333,3,12.4543
1928,1928,1928.29166666667,4,13.4058
1928,1928,1928.375,5,14.3275
1928,1928,1928.45833333333,6,14.9817
1928,1928,1928.54166666667,7,15.2139
1928,1928,1928.625,8,14.9727
1928,1928,1928.70833333333,9,14.2513
1928,1928,1928.79166666667,10,13.2533
1928,1928,1928.875,11,12.2354
1928,1929,1928.95833333333,12,11.5789
1929,1929,1929.04166666667,1,11.3706
1929,1929,1929.125,2,11.6758
1929,1929,1929.20833333333,3,12.3971
1929,1929,1929.29166666667,4,13.3388
1929,1929,1929.375,5,14.2547
1929,1929,1929.45833333333,6,14.9282
1929,1929,1929.54166666667,7,15.1862
1929,1929,1929.625,8,14.9603
1929,1929,1929.70833333333,9,14.2429
1929,1929,1929.79166666667,10,13.2389
1929,1929,1929.875,11,12.2317
1929,1930,1929.95833333333,12,11.5754
1930,1930,1930.04166666667,1,11.3435
1930,1930,1930.125,2,11.6886
1930,1930,1930.20833333333,3,12.3656
1930,1930,1930.29166666667,4,13.3368
1930,1930,1930.375,5,14.2678
1930,1930,1930.45833333333,6,14.9066
1930,1930,1930.54166666667,7,15.1542
1930,1930,1930.625,8,14.939
1930,1930,1930.70833333333,9,14.2086
1930,1930,1930.79166666667,10,13.176
1930,1930,1930.875,11,12.1867
1930,1931,1930.95833333333,12,11.5359
1931,1931,1931.04166666667,1,11.3299
1931,1931,1931.125,2,11.651
1931,1931,1931.20833333333,3,12.3657
1931,1931,1931.29166666667,4,13.3197
1931,1931,1931.375,5,14.2573
1931,1931,1931.45833333333,6,14.9194
1931,1931,1931.54166666667,7,15.1751
1931,1931,1931.625,8,14.9677
1931,1931,1931.70833333333,9,14.2435
1931,1931,1931.79166666667,10,13.2445
1931,1931,1931.875,11,12.2205
1931,1932,1931.95833333333,12,11.5348
1932,1932,1932.04166666667,1,11.3802
1932,1932,1932.125,2,11.6539
1932,1932,1932.20833333333,3,12.4177
1932,1932,1932.29166666667,4,13.3635
1932,1932,1932.375,5,14.2928
1932,1932,1932.45833333333,6,14.9338
1932,1932,1932.54166666667,7,15.167
1932,1932,1932.625,8,14.956
1932,1932,1932.70833333333,9,14.1905
1932,1932,1932.79166666667,10,13.2184
1932,1932,1932.875,11,12.1899
1932,1933,1932.95833333333,12,11.5193
1933,1933,1933.04166666667,1,11.3212
1933,1933,1933.125,2,11.6518
1933,1933,1933.20833333333,3,12.3726
1933,1933,1933.29166666667,4,13.3163
1933,1933,1933.375,5,14.2342
1933,1933,1933.45833333333,6,14.8999
1933,1933,1933.54166666667,7,15.1548
1933,1933,1933.625,8,14.9311
1933,1933,1933.70833333333,9,14.2114
1933,1933,1933.79166666667,10,13.2179
1933,1933,1933.875,11,12.2363
1933,1934,1933.95833333333,12,11.576
1934,1934,1934.04166666667,1,11.3763
1934,1934,1934.125,2,11.6686
1934,1934,1934.20833333333,3,12.3767
1934,1934,1934.29166666667,4,13.3115
1934,1934,1934.375,5,14.245
1934,1934,1934.45833333333,6,14.9232
1934,1934,1934.54166666667,7,15.1874
1934,1934,1934.625,8,14.9804
1934,1934,1934.70833333333,9,14.241
1934,1934,1934.79166666667,10,13.2291
1934,1934,1934.875,11,12.2386
1934,1935,1934.95833333333,12,11.5419
1935,1935,1935.04166666667,1,11.3705
1935,1935,1935.125,2,11.6778
1935,1935,1935.20833333333,3,12.3846
1935,1935,1935.29166666667,4,13.324
1935,1935,1935.375,5,14.2725
1935,1935,1935.45833333333,6,14.9307
1935,1935,1935.54166666667,7,15.1959
1935,1935,1935.625,8,14.9942
1935,1935,1935.70833333333,9,14.2608
1935,1935,1935.79166666667,10,13.2614
1935,1935,1935.875,11,12.3008
1935,1936,1935.95833333333,12,11.6161
1936,1936,1936.04166666667,1,11.452
1936,1936,1936.125,2,11.7454
1936,1936,1936.20833333333,3,12.4618
1936,1936,1936.29166666667,4,13.4001
1936,1936,1936.375,5,14.3219
1936,1936,1936.45833333333,6,14.9837
1936,1936,1936.54166666667,7,15.2367
1936,1936,1936.625,8,15.0114
1936,1936,1936.70833333333,9,14.2866
1936,1936,1936.79166666667,10,13.2869
1936,1936,1936.875,11,12.2772000000001
1936,1937,1936.95833333333,12,11.5832
1937,1937,1937.04166666667,1,11.4022000000001
1937,1937,1937.125,2,11.7447
1937,1937,1937.20833333333,3,12.4557
1937,1937,1937.29166666667,4,13.3977
1937,1937,1937.375,5,14.2955
1937,1937,1937.45833333333,6,14.9452
1937,1937,1937.54166666667,7,15.1882
1937,1937,1937.625,8,14.9627
1937,1937,1937.70833333333,9,14.2413
1937,1937,1937.79166666667,10,13.2357
1937,1937,1937.875,11,12.2257
1937,1938,1937.95833333333,12,11.5501
1938,1938,1938.04166666667,1,11.3615
1938,1938,1938.125,2,11.7172
1938,1938,1938.20833333333,3,12.4208
1938,1938,1938.29166666667,4,13.367
1938,1938,1938.375,5,14.288
1938,1938,1938.45833333333,6,14.9257
1938,1938,1938.54166666667,7,15.1931
1938,1938,1938.625,8,14.9799
1938,1938,1938.70833333333,9,14.2786
1938,1938,1938.79166666667,10,13.2645
1938,1938,1938.875,11,12.2629
1938,1939,1938.95833333333,12,11.6148
1939,1939,1939.04166666667,1,11.4286
1939,1939,1939.125,2,11.7528
1939,1939,1939.20833333333,3,12.4604
1939,1939,1939.29166666667,4,13.4092
1939,1939,1939.375,5,14.3394
1939,1939,1939.45833333333,6,14.9895
1939,1939,1939.54166666667,7,15.2375
1939,1939,1939.625,8,15.0226
1939,1939,1939.70833333333,9,14.3057
1939,1939,1939.79166666667,10,13.2913
1939,1939,1939.875,11,12.3031
1939,1940,1939.95833333333,12,11.6155
1940,1940,1940.04166666667,1,11.4033
1940,1940,1940.125,2,11.7104
1940,1940,1940.20833333333,3,12.4295
1940,1940,1940.29166666667,4,13.3919
1940,1940,1940.375,5,14.3197
1940,1940,1940.45833333333,6,14.9753
1940,1940,1940.54166666667,7,15.2379
1940,1940,1940.625,8,15.0359
1940,1940,1940.70833333333,9,14.2968
1940,1940,1940.79166666667,10,13.3029
1940,1940,1940.875,11,12.3134
1940,1941,1940.95833333333,12,11.6321
1941,1941,1941.04166666667,1,11.4466
1941,1941,1941.125,2,11.749
1941,1941,1941.20833333333,3,12.4686
1941,1941,1941.29166666667,4,13.4281
1941,1941,1941.375,5,14.3703
1941,1941,1941.45833333333,6,15.0121
1941,1941,1941.54166666667,7,15.2648
1941,1941,1941.625,8,15.0567
1941,1941,1941.70833333333,9,14.3048
1941,1941,1941.79166666667,10,13.305
1941,1941,1941.875,11,12.3134
1941,1942,1941.95833333333,12,11.6286
1942,1942,1942.04166666667,1,11.4482
1942,1942,1942.125,2,11.7291
1942,1942,1942.20833333333,3,12.4831
1942,1942,1942.29166666667,4,13.4057
1942,1942,1942.375,5,14.3225
1942,1942,1942.45833333333,6,14.9719
1942,1942,1942.54166666667,7,15.2327
1942,1942,1942.625,8,15.0001
1942,1942,1942.70833333333,9,14.2866
1942,1942,1942.79166666667,10,13.313
1942,1942,1942.875,11,12.2914
1942,1943,1942.95833333333,12,11.6066
1943,1943,1943.04166666667,1,11.401
1943,1943,1943.125,2,11.6963
1943,1943,1943.20833333333,3,12.439
1943,1943,1943.29166666667,4,13.407
1943,1943,1943.375,5,14.3303
1943,1943,1943.45833333333,6,14.9629
1943,1943,1943.54166666667,7,15.2337
1943,1943,1943.625,8,14.9957
1943,1943,1943.70833333333,9,14.2974
1943,1943,1943.79166666667,10,13.2999
1943,1943,1943.875,11,12.2959
1943,1944,1943.95833333333,12,11.6036
1944,1944,1944.04166666667,1,11.4269
1944,1944,1944.125,2,11.7087
1944,1944,1944.20833333333,3,12.4716
1944,1944,1944.29166666667,4,13.4145
1944,1944,1944.375,5,14.3419
1944,1944,1944.45833333333,6,14.9787
1944,1944,1944.54166666667,7,15.2176
1944,1944,1944.625,8,14.9877
1944,1944,1944.70833333333,9,14.2841
1944,1944,1944.79166666667,10,13.2801
1944,1944,1944.875,11,12.3232
1944,1945,1944.95833333333,12,11.5907
1945,1945,1945.04166666667,1,11.4441
1945,1945,1945.125,2,11.786
1945,1945,1945.20833333333,3,12.4778
1945,1945,1945.29166666667,4,13.4552
1945,1945,1945.375,5,14.374
1945,1945,1945.45833333333,6,15.0308
1945,1945,1945.54166666667,7,15.2663
1945,1945,1945.625,8,15.0688
1945,1945,1945.70833333333,9,14.3267
1945,1945,1945.79166666667,10,13.3429
1945,1945,1945.875,11,12.3299
1945,1946,1945.95833333333,12,11.6457
1946,1946,1946.04166666667,1,11.4554
1946,1946,1946.125,2,11.7761
1946,1946,1946.20833333333,3,12.4858
1946,1946,1946.29166666667,4,13.4795
1946,1946,1946.375,5,14.3698
1946,1946,1946.45833333333,6,15.0109
1946,1946,1946.54166666667,7,15.2444
1946,1946,1946.625,8,14.9912
1946,1946,1946.70833333333,9,14.277
1946,1946,1946.79166666667,10,13.2707
1946,1946,1946.875,11,12.2365
1946,1947,1946.95833333333,12,11.562
1947,1947,1947.04166666667,1,11.3817
1947,1947,1947.125,2,11.6791
1947,1947,1947.20833333333,3,12.4231
1947,1947,1947.29166666667,4,13.3547
1947,1947,1947.375,5,14.3079
1947,1947,1947.45833333333,6,14.9681
1947,1947,1947.54166666667,7,15.2398
1947,1947,1947.625,8,15.0148
1947,1947,1947.70833333333,9,14.2663
1947,1947,1947.79166666667,10,13.2704
1947,1947,1947.875,11,12.2783
1947,1948,1947.95833333333,12,11.6184
1948,1948,1948.04166666667,1,11.4011
1948,1948,1948.125,2,11.7426
1948,1948,1948.20833333333,3,12.4869
1948,1948,1948.29166666667,4,13.4334
1948,1948,1948.375,5,14.3722
1948,1948,1948.45833333333,6,15.0362
1948,1948,1948.54166666667,7,15.2714
1948,1948,1948.625,8,15.0476
1948,1948,1948.70833333333,9,14.3329
1948,1948,1948.79166666667,10,13.3342
1948,1948,1948.875,11,12.3362
1948,1949,1948.95833333333,12,11.6321
1949,1949,1949.04166666667,1,11.4524
1949,1949,1949.125,2,11.739
1949,1949,1949.20833333333,3,12.4722
1949,1949,1949.29166666667,4,13.4412
1949,1949,1949.375,5,14.3594000000001
1949,1949,1949.45833333333,6,14.9905
1949,1949,1949.54166666667,7,15.2201
1949,1949,1949.625,8,14.9988
1949,1949,1949.70833333333,9,14.2908
1949,1949,1949.79166666667,10,13.2999
1949,1949,1949.875,11,12.2852
1949,1950,1949.95833333333,12,11.6389
1950,1950,1950.04166666667,1,11.4536
1950,1950,1950.125,2,11.7516
1950,1950,1950.20833333333,3,12.5337
1950,1950,1950.29166666667,4,13.4483
1950,1950,1950.375,5,14.3533
1950,1950,1950.45833333333,6,15.0112
1950,1950,1950.54166666667,7,15.2913
1950,1950,1950.625,8,15.0655
1950,1950,1950.70833333333,9,14.3488
1950,1950,1950.79166666667,10,13.3426
1950,1950,1950.875,11,12.4031
1950,1951,1950.95833333333,12,11.6916000000001
1951,1951,1951.04166666667,1,11.5194
1951,1951,1951.125,2,11.8259
1951,1951,1951.20833333333,3,12.5655
1951,1951,1951.29166666667,4,13.5006
1951,1951,1951.375,5,14.4298
1951,1951,1951.45833333333,6,15.0362
1951,1951,1951.54166666667,7,15.3049
1951,1951,1951.625,8,15.0713
1951,1951,1951.70833333333,9,14.3122
1951,1951,1951.79166666667,10,13.3314
1951,1951,1951.875,11,12.331
1951,1952,1951.95833333333,12,11.6448
1952,1952,1952.04166666667,1,11.4715
1952,1952,1952.125,2,11.7695000000001
1952,1952,1952.20833333333,3,12.4727
1952,1952,1952.29166666667,4,13.4498
1952,1952,1952.375,5,14.3729
1952,1952,1952.45833333333,6,15.0352
1952,1952,1952.54166666667,7,15.2667
1952,1952,1952.625,8,15.0518
1952,1952,1952.70833333333,9,14.3286
1952,1952,1952.79166666667,10,13.3376
1952,1952,1952.875,11,12.3073
1952,1953,1952.95833333333,12,11.6333
1953,1953,1953.04166666667,1,11.5247
1953,1953,1953.125,2,11.8088
1953,1953,1953.20833333333,3,12.4984
1953,1953,1953.29166666667,4,13.4836
1953,1953,1953.375,5,14.3957
1953,1953,1953.45833333333,6,15.0382
1953,1953,1953.54166666667,7,15.2764
1953,1953,1953.625,8,15.0686
1953,1953,1953.70833333333,9,14.3617
1953,1953,1953.79166666667,10,13.3705
1953,1953,1953.875,11,12.3714000000001
1953,1954,1953.95833333333,12,11.7096
1954,1954,1954.04166666667,1,11.53
1954,1954,1954.125,2,11.8469
1954,1954,1954.20833333333,3,12.522
1954,1954,1954.29166666667,4,13.4496
1954,1954,1954.375,5,14.39
1954,1954,1954.45833333333,6,15.0767
1954,1954,1954.54166666667,7,15.341
1954,1954,1954.625,8,15.1239
1954,1954,1954.70833333333,9,14.3721
1954,1954,1954.79166666667,10,13.3557
1954,1954,1954.875,11,12.3718
1954,1955,1954.95833333333,12,11.671
1955,1955,1955.04166666667,1,11.5165
1955,1955,1955.125,2,11.8503
1955,1955,1955.20833333333,3,12.5536
1955,1955,1955.29166666667,4,13.4988
1955,1955,1955.375,5,14.4294
1955,1955,1955.45833333333,6,15.0639
1955,1955,1955.54166666667,7,15.3278
1955,1955,1955.625,8,15.1174
1955,1955,1955.70833333333,9,14.3851
1955,1955,1955.79166666667,10,13.3798
1955,1955,1955.875,11,12.4084
1955,1956,1955.95833333333,12,11.7199
1956,1956,1956.04166666667,1,11.558
1956,1956,1956.125,2,11.837
1956,1956,1956.20833333333,3,12.5989
1956,1956,1956.29166666667,4,13.5704
1956,1956,1956.375,5,14.4685
1956,1956,1956.45833333333,6,15.1385
1956,1956,1956.54166666667,7,15.3599
1956,1956,1956.625,8,15.1403
1956,1956,1956.70833333333,9,14.4241
1956,1956,1956.79166666667,10,13.4056
1956,1956,1956.875,11,12.3863
1956,1957,1956.95833333333,12,11.7038
1957,1957,1957.04166666667,1,11.5224
1957,1957,1957.125,2,11.838
1957,1957,1957.20833333333,3,12.5242
1957,1957,1957.29166666667,4,13.5166
1957,1957,1957.375,5,14.4227
1957,1957,1957.45833333333,6,15.0707
1957,1957,1957.54166666667,7,15.322
1957,1957,1957.625,8,15.099
1957,1957,1957.70833333333,9,14.3727
1957,1957,1957.79166666667,10,13.3556
1957,1957,1957.875,11,12.3717
1957,1958,1957.95833333333,12,11.694
1958,1958,1958.04166666667,1,11.5386
1958,1958,1958.125,2,11.8321
1958,1958,1958.20833333333,3,12.5188
1958,1958,1958.29166666667,4,13.4548
1958,1958,1958.375,5,14.3894
1958,1958,1958.45833333333,6,15.0606
1958,1958,1958.54166666667,7,15.3114
1958,1958,1958.625,8,15.1089
1958,1958,1958.70833333333,9,14.4152
1958,1958,1958.79166666667,10,13.3959
1958,1958,1958.875,11,12.3976
1958,1959,1958.95833333333,12,11.7395
1959,1959,1959.04166666667,1,11.571
1959,1959,1959.125,2,11.8846
1959,1959,1959.20833333333,3,12.5685
1959,1959,1959.29166666667,4,13.4948
1959,1959,1959.375,5,14.4351
1959,1959,1959.45833333333,6,15.0925
1959,1959,1959.54166666667,7,15.3658
1959,1959,1959.625,8,15.1377
1959,1959,1959.70833333333,9,14.4102
1959,1959,1959.79166666667,10,13.4552
1959,1959,1959.875,11,12.4542
1959,1960,1959.95833333333,12,11.7057
1960,1960,1960.04166666667,1,11.5195000000001
1960,1960,1960.125,2,11.8352
1960,1960,1960.20833333333,3,12.5796
1960,1960,1960.29166666667,4,13.5507
1960,1960,1960.375,5,14.4464
1960,1960,1960.45833333333,6,15.1092
1960,1960,1960.54166666667,7,15.3465
1960,1960,1960.625,8,15.1219
1960,1960,1960.70833333333,9,14.3933
1960,1960,1960.79166666667,10,13.4122
1960,1960,1960.875,11,12.4103
1960,1961,1960.95833333333,12,11.6762
1961,1961,1961.04166666667,1,11.5107
1961,1961,1961.125,2,11.8679
1961,1961,1961.20833333333,3,12.5448
1961,1961,1961.29166666667,4,13.4925
1961,1961,1961.375,5,14.4134
1961,1961,1961.45833333333,6,15.0773
1961,1961,1961.54166666667,7,15.3398
1961,1961,1961.625,8,15.113
1961,1961,1961.70833333333,9,14.381
1961,1961,1961.79166666667,10,13.3502
1961,1961,1961.875,11,12.3626
1961,1962,1961.95833333333,12,11.6859
1962,1962,1962.04166666667,1,11.5258
1962,1962,1962.125,2,11.8292
1962,1962,1962.20833333333,3,12.5176
1962,1962,1962.29166666667,4,13.4763
1962,1962,1962.375,5,14.3892
1962,1962,1962.45833333333,6,15.0294
1962,1962,1962.54166666667,7,15.2947
1962,1962,1962.625,8,15.0617
1962,1962,1962.70833333333,9,14.3486
1962,1962,1962.79166666667,10,13.3505
1962,1962,1962.875,11,12.3375
1962,1963,1962.95833333333,12,11.6388
1963,1963,1963.04166666667,1,11.4762
1963,1963,1963.125,2,11.8066
1963,1963,1963.20833333333,3,12.508
1963,1963,1963.29166666667,4,13.4876
1963,1963,1963.375,5,14.4024
1963,1963,1963.45833333333,6,15.0569
1963,1963,1963.54166666667,7,15.3117
1963,1963,1963.625,8,15.085
1963,1963,1963.70833333333,9,14.3453
1963,1963,1963.79166666667,10,13.3482
1963,1963,1963.875,11,12.3472
1963,1964,1963.95833333333,12,11.6305
1964,1964,1964.04166666667,1,11.4779
1964,1964,1964.125,2,11.8089000000001
1964,1964,1964.20833333333,3,12.4896
1964,1964,1964.29166666667,4,13.4549
1964,1964,1964.375,5,14.3796
1964,1964,1964.45833333333,6,15.0294
1964,1964,1964.54166666667,7,15.2931
1964,1964,1964.625,8,15.0673
1964,1964,1964.70833333333,9,14.2953
1964,1964,1964.79166666667,10,13.3034
1964,1964,1964.875,11,12.3146
1964,1965,1964.95833333333,12,11.6637
1965,1965,1965.04166666667,1,11.4705
1965,1965,1965.125,2,11.7991
1965,1965,1965.20833333333,3,12.5207
1965,1965,1965.29166666667,4,13.4842
1965,1965,1965.375,5,14.3909
1965,1965,1965.45833333333,6,15.0158
1965,1965,1965.54166666667,7,15.2521
1965,1965,1965.625,8,15.0019
1965,1965,1965.70833333333,9,14.2739
1965,1965,1965.79166666667,10,13.2835
1965,1965,1965.875,11,12.3005
1965,1966,1965.95833333333,12,11.6139
1966,1966,1966.04166666667,1,11.4106
1966,1966,1966.125,2,11.7476
1966,1966,1966.20833333333,3,12.4916
1966,1966,1966.29166666667,4,13.4221
1966,1966,1966.375,5,14.3372
1966,1966,1966.45833333333,6,15.0048
1966,1966,1966.54166666667,7,15.2699
1966,1966,1966.625,8,15.0352
1966,1966,1966.70833333333,9,14.3051
1966,1966,1966.79166666667,10,13.3405
1966,1966,1966.875,11,12.355
1966,1967,1966.95833333333,12,11.6791
1967,1967,1967.04166666667,1,11.5384
1967,1967,1967.125,2,11.8355
1967,1967,1967.20833333333,3,12.5395
1967,1967,1967.29166666667,4,13.4936
1967,1967,1967.375,5,14.4174
1967,1967,1967.45833333333,6,15.051
1967,1967,1967.54166666667,7,15.336
1967,1967,1967.625,8,15.1269
1967,1967,1967.70833333333,9,14.3949
1967,1967,1967.79166666667,10,13.3955
1967,1967,1967.875,11,12.3783
1967,1968,1967.95833333333,12,11.7352
1968,1968,1968.04166666667,1,11.5541
1968,1968,1968.125,2,11.8555
1968,1968,1968.20833333333,3,12.5537
1968,1968,1968.29166666667,4,13.5058
1968,1968,1968.375,5,14.4633
1968,1968,1968.45833333333,6,15.0781
1968,1968,1968.54166666667,7,15.3553
1968,1968,1968.625,8,15.1305
1968,1968,1968.70833333333,9,14.4204
1968,1968,1968.79166666667,10,13.4078
1968,1968,1968.875,11,12.4243
1968,1969,1968.95833333333,12,11.7576
1969,1969,1969.04166666667,1,11.534
1969,1969,1969.125,2,11.8748000000001
1969,1969,1969.20833333333,3,12.571
1969,1969,1969.29166666667,4,13.5474
1969,1969,1969.375,5,14.4537
1969,1969,1969.45833333333,6,15.0842
1969,1969,1969.54166666667,7,15.3512
1969,1969,1969.625,8,15.1182
1969,1969,1969.70833333333,9,14.3673
1969,1969,1969.79166666667,10,13.3722
1969,1969,1969.875,11,12.3892
1969,1970,1969.95833333333,12,11.7234
1970,1970,1970.04166666667,1,11.5625
1970,1970,1970.125,2,11.8407
1970,1970,1970.20833333333,3,12.5699
1970,1970,1970.29166666667,4,13.5299
1970,1970,1970.375,5,14.4448
1970,1970,1970.45833333333,6,15.0905
1970,1970,1970.54166666667,7,15.3414
1970,1970,1970.625,8,15.1364
1970,1970,1970.70833333333,9,14.4117
1970,1970,1970.79166666667,10,13.4132
1970,1970,1970.875,11,12.4013
1970,1971,1970.95833333333,12,11.7199
1971,1971,1971.04166666667,1,11.5482
1971,1971,1971.125,2,11.85
1971,1971,1971.20833333333,3,12.5415
1971,1971,1971.29166666667,4,13.5138
1971,1971,1971.375,5,14.4156
1971,1971,1971.45833333333,6,15.0847
1971,1971,1971.54166666667,7,15.3388
1971,1971,1971.625,8,15.1012
1971,1971,1971.70833333333,9,14.4148
1971,1971,1971.79166666667,10,13.3884
1971,1971,1971.875,11,12.4245
1971,1972,1971.95833333333,12,11.732
1972,1972,1972.04166666667,1,11.5763
1972,1972,1972.125,2,11.8991
1972,1972,1972.20833333333,3,12.5916
1972,1972,1972.29166666667,4,13.567
1972,1972,1972.375,5,14.4831
1972,1972,1972.45833333333,6,15.1471
1972,1972,1972.54166666667,7,15.3828
1972,1972,1972.625,8,15.1756
1972,1972,1972.70833333333,9,14.4749
1972,1972,1972.79166666667,10,13.4556
1972,1972,1972.875,11,12.4593
1972,1973,1972.95833333333,12,11.7437
1973,1973,1973.04166666667,1,11.5869
1973,1973,1973.125,2,11.9109
1973,1973,1973.20833333333,3,12.6222
1973,1973,1973.29166666667,4,13.5532
1973,1973,1973.375,5,14.5021
1973,1973,1973.45833333333,6,15.1499
1973,1973,1973.54166666667,7,15.387
1973,1973,1973.625,8,15.1412
1973,1973,1973.70833333333,9,14.4245
1973,1973,1973.79166666667,10,13.4365
1973,1973,1973.875,11,12.4476
1973,1974,1973.95833333333,12,11.7347
1974,1974,1974.04166666667,1,11.6179
1974,1974,1974.125,2,11.85
1974,1974,1974.20833333333,3,12.5879
1974,1974,1974.29166666667,4,13.532
1974,1974,1974.375,5,14.4754
1974,1974,1974.45833333333,6,15.1294
1974,1974,1974.54166666667,7,15.3611
1974,1974,1974.625,8,15.1493
1974,1974,1974.70833333333,9,14.4187
1974,1974,1974.79166666667,10,13.4358
1974,1974,1974.875,11,12.4422
1974,1975,1974.95833333333,12,11.7524
1975,1975,1975.04166666667,1,11.6208
1975,1975,1975.125,2,11.9305
1975,1975,1975.20833333333,3,12.6142
1975,1975,1975.29166666667,4,13.5915
1975,1975,1975.375,5,14.4958
1975,1975,1975.45833333333,6,15.1154
1975,1975,1975.54166666667,7,15.3704
1975,1975,1975.625,8,15.1476
1975,1975,1975.70833333333,9,14.4341
1975,1975,1975.79166666667,10,13.4484
1975,1975,1975.875,11,12.459
1975,1976,1975.95833333333,12,11.7456
1976,1976,1976.04166666667,1,11.5948
1976,1976,1976.125,2,11.8995
1976,1976,1976.20833333333,3,12.6425
1976,1976,1976.29166666667,4,13.5648
1976,1976,1976.375,5,14.4601
1976,1976,1976.45833333333,6,15.1535
1976,1976,1976.54166666667,7,15.4068
1976,1976,1976.625,8,15.2128
1976,1976,1976.70833333333,9,14.4342
1976,1976,1976.79166666667,10,13.4657
1976,1976,1976.875,11,12.5066
1976,1977,1976.95833333333,12,11.8198
1977,1977,1977.04166666667,1,11.6417
1977,1977,1977.125,2,11.9522
1977,1977,1977.20833333333,3,12.656
1977,1977,1977.29166666667,4,13.6017000000001
1977,1977,1977.375,5,14.542
1977,1977,1977.45833333333,6,15.2086
1977,1977,1977.54166666667,7,15.4656
1977,1977,1977.625,8,15.2516
1977,1977,1977.70833333333,9,14.5201
1977,1977,1977.79166666667,10,13.5423
1977,1977,1977.875,11,12.5659
1977,1978,1977.95833333333,12,11.8935
1978,1978,1978.04166666667,1,11.733
1978,1978,1978.125,2,11.9966
1978,1978,1978.20833333333,3,12.7104
1978,1978,1978.29166666667,4,13.6709
1978,1978,1978.375,5,14.5889
1978,1978,1978.45833333333,6,15.239
1978,1978,1978.54166666667,7,15.4788
1978,1978,1978.625,8,15.2596
1978,1978,1978.70833333333,9,14.5182
1978,1978,1978.79166666667,10,13.5363
1978,1978,1978.875,11,12.5478
1978,1979,1978.95833333333,12,11.8398
1979,1979,1979.04166666667,1,11.6553
1979,1979,1979.125,2,11.9599
1979,1979,1979.20833333333,3,12.697
1979,1979,1979.29166666667,4,13.6487
1979,1979,1979.375,5,14.5684
1979,1979,1979.45833333333,6,15.2264
1979,1979,1979.54166666667,7,15.4703
1979,1979,1979.625,8,15.2446
1979,1979,1979.70833333333,9,14.5513
1979,1979,1979.79166666667,10,13.5495
1979,1979,1979.875,11,12.5522
1979,1980,1979.95833333333,12,11.8636
1980,1980,1980.04166666667,1,11.6842
1980,1980,1980.125,2,11.9712
1980,1980,1980.20833333333,3,12.7223
1980,1980,1980.29166666667,4,13.6794
1980,1980,1980.375,5,14.633
1980,1980,1980.45833333333,6,15.2935
1980,1980,1980.54166666667,7,15.5271
1980,1980,1980.625,8,15.3226
1980,1980,1980.70833333333,9,14.5865
1980,1980,1980.79166666667,10,13.5824
1980,1980,1980.875,11,12.6237
1980,1981,1980.95833333333,12,11.9551
1981,1981,1981.04166666667,1,11.7904
1981,1981,1981.125,2,12.1242
1981,1981,1981.20833333333,3,12.8075
1981,1981,1981.29166666667,4,13.7329
1981,1981,1981.375,5,14.6634
1981,1981,1981.45833333333,6,15.307
1981,1981,1981.54166666667,7,15.5377
1981,1981,1981.625,8,15.316
1981,1981,1981.70833333333,9,14.5717
1981,1981,1981.79166666667,10,13.6258
1981,1981,1981.875,11,12.5994
1981,1982,1981.95833333333,12,11.9158
1982,1982,1982.04166666667,1,11.7837
1982,1982,1982.125,2,12.0429
1982,1982,1982.20833333333,3,12.7459
1982,1982,1982.29166666667,4,13.7033
1982,1982,1982.375,5,14.6023
1982,1982,1982.45833333333,6,15.2607
1982,1982,1982.54166666667,7,15.5217
1982,1982,1982.625,8,15.274
1982,1982,1982.70833333333,9,14.5643
1982,1982,1982.79166666667,10,13.5506
1982,1982,1982.875,11,12.5748
1982,1983,1982.95833333333,12,11.8542
1983,1983,1983.04166666667,1,11.7401
1983,1983,1983.125,2,12.0298
1983,1983,1983.20833333333,3,12.7582
1983,1983,1983.29166666667,4,13.6358
1983,1983,1983.375,5,14.5799
1983,1983,1983.45833333333,6,15.186
1983,1983,1983.54166666667,7,15.4201
1983,1983,1983.625,8,15.2183
1983,1983,1983.70833333333,9,14.494
1983,1983,1983.79166666667,10,13.5034
1983,1983,1983.875,11,12.5797
1983,1984,1983.95833333333,12,11.86
1984,1984,1984.04166666667,1,11.7114
1984,1984,1984.125,2,12.0482
1984,1984,1984.20833333333,3,12.7399
1984,1984,1984.29166666667,4,13.6781
1984,1984,1984.375,5,14.6107
1984,1984,1984.45833333333,6,15.2474
1984,1984,1984.54166666667,7,15.4698
1984,1984,1984.625,8,15.2666
1984,1984,1984.70833333333,9,14.5749
1984,1984,1984.79166666667,10,13.5572
1984,1984,1984.875,11,12.5782
1984,1985,1984.95833333333,12,11.8996
1985,1985,1985.04166666667,1,11.7202
1985,1985,1985.125,2,12.0452
1985,1985,1985.20833333333,3,12.7954
1985,1985,1985.29166666667,4,13.7246
1985,1985,1985.375,5,14.6287
1985,1985,1985.45833333333,6,15.3015
1985,1985,1985.54166666667,7,15.5155
1985,1985,1985.625,8,15.3136
1985,1985,1985.70833333333,9,14.5858
1985,1985,1985.79166666667,10,13.6046
1985,1985,1985.875,11,12.6281
1985,1986,1985.95833333333,12,11.9436
1986,1986,1986.04166666667,1,11.7997
1986,1986,1986.125,2,12.089
1986,1986,1986.20833333333,3,12.8156
1986,1986,1986.29166666667,4,13.78
1986,1986,1986.375,5,14.6881
1986,1986,1986.45833333333,6,15.3232
1986,1986,1986.54166666667,7,15.5757
1986,1986,1986.625,8,15.3551
1986,1986,1986.70833333333,9,14.6546
1986,1986,1986.79166666667,10,13.6628
1986,1986,1986.875,11,12.6961
1986,1987,1986.95833333333,12,12.0332
1987,1987,1987.04166666667,1,11.8532
1987,1987,1987.125,2,12.2033
1987,1987,1987.20833333333,3,12.8544
1987,1987,1987.29166666667,4,13.8365
1987,1987,1987.375,5,14.7505
1987,1987,1987.45833333333,6,15.412
1987,1987,1987.54166666667,7,15.6255
1987,1987,1987.625,8,15.397
1987,1987,1987.70833333333,9,14.6628
1987,1987,1987.79166666667,10,13.6747
1987,1987,1987.875,11,12.7102
1987,1988,1987.95833333333,12,12.0216
1988,1988,1988.04166666667,1,11.8251
1988,1988,1988.125,2,12.1364
1988,1988,1988.20833333333,3,12.8591
1988,1988,1988.29166666667,4,13.8185
1988,1988,1988.375,5,14.7345
1988,1988,1988.45833333333,6,15.3756
1988,1988,1988.54166666667,7,15.6213
1988,1988,1988.625,8,15.4261
1988,1988,1988.70833333333,9,14.7006
1988,1988,1988.79166666667,10,13.7031
1988,1988,1988.875,11,12.7638
1988,1989,1988.95833333333,12,12.0922
1989,1989,1989.04166666667,1,11.8919
1989,1989,1989.125,2,12.2155
1989,1989,1989.20833333333,3,12.8952
1989,1989,1989.29166666667,4,13.8418
1989,1989,1989.375,5,14.757
1989,1989,1989.45833333333,6,15.4044
1989,1989,1989.54166666667,7,15.6727
1989,1989,1989.625,8,15.4327
1989,1989,1989.70833333333,9,14.7366
1989,1989,1989.79166666667,10,13.7461
1989,1989,1989.875,11,12.7708
1989,1990,1989.95833333333,12,12.0964
1990,1990,1990.04166666667,1,11.9218
1990,1990,1990.125,2,12.2332
1990,1990,1990.20833333333,3,12.9554
1990,1990,1990.29166666667,4,13.9222
1990,1990,1990.375,5,14.8027
1990,1990,1990.45833333333,6,15.4417
1990,1990,1990.54166666667,7,15.7138
1990,1990,1990.625,8,15.4882
1990,1990,1990.70833333333,9,14.7882
1990,1990,1990.79166666667,10,13.8013
1990,1990,1990.875,11,12.8234
1990,1991,1990.95833333333,12,12.1652
1991,1991,1991.04166666667,1,11.9687
1991,1991,1991.125,2,12.2826
1991,1991,1991.20833333333,3,12.966
1991,1991,1991.29166666667,4,13.921
1991,1991,1991.375,5,14.8366
1991,1991,1991.45833333333,6,15.4653
1991,1991,1991.54166666667,7,15.6743
1991,1991,1991.625,8,15.4577
1991,1991,1991.70833333333,9,14.7204
1991,1991,1991.79166666667,10,13.7214
1991,1991,1991.875,11,12.7064
1991,1992,1991.95833333333,12,12.0063
1992,1992,1992.04166666667,1,11.797
1992,1992,1992.125,2,12.063
1992,1992,1992.20833333333,3,12.751
1992,1992,1992.29166666667,4,13.7107
1992,1992,1992.375,5,14.5871
1992,1992,1992.45833333333,6,15.2443
1992,1992,1992.54166666667,7,15.4934
1992,1992,1992.625,8,15.2611
1992,1992,1992.70833333333,9,14.5568
1992,1992,1992.79166666667,10,13.5827
1992,1992,1992.875,11,12.6037
1992,1993,1992.95833333333,12,11.9098
1993,1993,1993.04166666667,1,11.7722
1993,1993,1993.125,2,12.0589000000001
1993,1993,1993.20833333333,3,12.7953
1993,1993,1993.29166666667,4,13.7468
1993,1993,1993.375,5,14.6537
1993,1993,1993.45833333333,6,15.3467
1993,1993,1993.54166666667,7,15.5938
1993,1993,1993.625,8,15.4177
1993,1993,1993.70833333333,9,14.7061
1993,1993,1993.79166666667,10,13.722
1993,1993,1993.875,11,12.762
1993,1994,1993.95833333333,12,12.0645
1994,1994,1994.04166666667,1,11.8708
1994,1994,1994.125,2,12.2055
1994,1994,1994.20833333333,3,12.8912
1994,1994,1994.29166666667,4,13.8319
1994,1994,1994.375,5,14.7417
1994,1994,1994.45833333333,6,15.4363
1994,1994,1994.54166666667,7,15.693
1994,1994,1994.625,8,15.5014
1994,1994,1994.70833333333,9,14.7695000000001
1994,1994,1994.79166666667,10,13.8095
1994,1994,1994.875,11,12.7987
1994,1995,1994.95833333333,12,12.1333
1995,1995,1995.04166666667,1,11.9456
1995,1995,1995.125,2,12.2483
1995,1995,1995.20833333333,3,12.9507
1995,1995,1995.29166666667,4,13.9133
1995,1995,1995.375,5,14.8258
1995,1995,1995.45833333333,6,15.4668
1995,1995,1995.54166666667,7,15.723
1995,1995,1995.625,8,15.505
1995,1995,1995.70833333333,9,14.7952
1995,1995,1995.79166666667,10,13.7985
1995,1995,1995.875,11,12.8131
1995,1996,1995.95833333333,12,12.1301
1996,1996,1996.04166666667,1,11.9518
1996,1996,1996.125,2,12.236
1996,1996,1996.20833333333,3,12.9782
1996,1996,1996.29166666667,4,13.9334
1996,1996,1996.375,5,14.8248
1996,1996,1996.45833333333,6,15.4793
1996,1996,1996.54166666667,7,15.7212
1996,1996,1996.625,8,15.5451
1996,1996,1996.70833333333,9,14.809
1996,1996,1996.79166666667,10,13.8424
1996,1996,1996.875,11,12.8754
1996,1997,1996.95833333333,12,12.1816
1997,1997,1997.04166666667,1,12.0154
1997,1997,1997.125,2,12.2974
1997,1997,1997.20833333333,3,13.0141
1997,1997,1997.29166666667,4,13.9675
1997,1997,1997.375,5,14.8722
1997,1997,1997.45833333333,6,15.5418
1997,1997,1997.54166666667,7,15.8012
1997,1997,1997.625,8,15.588
1997,1997,1997.70833333333,9,14.8615
1997,1997,1997.79166666667,10,13.9028
1997,1997,1997.875,11,12.9176
1997,1998,1997.95833333333,12,12.2489
1998,1998,1998.04166666667,1,12.0641
1998,1998,1998.125,2,12.3458
1998,1998,1998.20833333333,3,13.0343
1998,1998,1998.29166666667,4,13.9836
1998,1998,1998.375,5,14.8744
1998,1998,1998.45833333333,6,15.5472
1998,1998,1998.54166666667,7,15.7882
1998,1998,1998.625,8,15.5854
1998,1998,1998.70833333333,9,14.838
1998,1998,1998.79166666667,10,13.9022000000001
1998,1998,1998.875,11,12.9049
1998,1999,1998.95833333333,12,12.2642
1999,1999,1999.04166666667,1,12.0654
1999,1999,1999.125,2,12.3706
1999,1999,1999.20833333333,3,13.0751
1999,1999,1999.29166666667,4,13.9992
1999,1999,1999.375,5,14.9161
1999,1999,1999.45833333333,6,15.5636
1999,1999,1999.54166666667,7,15.8301
1999,1999,1999.625,8,15.6154
1999,1999,1999.70833333333,9,14.93
1999,1999,1999.79166666667,10,13.976
1999,1999,1999.875,11,13.0194
1999,2000,1999.95833333333,12,12.3384
2000,2000,2000.04166666667,1,12.1112
2000,2000,2000.125,2,12.4067
2000,2000,2000.20833333333,3,13.0978
2000,2000,2000.29166666667,4,14.0645
2000,2000,2000.375,5,14.9617
2000,2000,2000.45833333333,6,15.6203
2000,2000,2000.54166666667,7,15.8851
2000,2000,2000.625,8,15.6647
2000,2000,2000.70833333333,9,14.938
2000,2000,2000.79166666667,10,13.975
2000,2000,2000.875,11,12.9947
2000,2001,2000.95833333333,12,12.3139
2001,2001,2001.04166666667,1,12.1138
2001,2001,2001.125,2,12.3694
2001,2001,2001.20833333333,3,13.0923
2001,2001,2001.29166666667,4,14.0387
2001,2001,2001.375,5,14.9777
2001,2001,2001.45833333333,6,15.6204
2001,2001,2001.54166666667,7,15.8905
2001,2001,2001.625,8,15.668
2001,2001,2001.70833333333,9,14.975
2001,2001,2001.79166666667,10,14.0014
2001,2001,2001.875,11,13.0268
2001,2002,2001.95833333333,12,12.317
2002,2002,2002.04166666667,1,12.1426
2002,2002,2002.125,2,12.4615
2002,2002,2002.20833333333,3,13.1699
2002,2002,2002.29166666667,4,14.0784
2002,2002,2002.375,5,14.9907
2002,2002,2002.45833333333,6,15.6497
2002,2002,2002.54166666667,7,15.8845
2002,2002,2002.625,8,15.6635
2002,2002,2002.70833333333,9,14.9669
2002,2002,2002.79166666667,10,14.0096
2002,2002,2002.875,11,13.0257
2002,2003,2002.95833333333,12,12.3379
2003,2003,2003.04166666667,1,12.1363
2003,2003,2003.125,2,12.4991
2003,2003,2003.20833333333,3,13.2157
2003,2003,2003.29166666667,4,14.1379
2003,2003,2003.375,5,15.0271
2003,2003,2003.45833333333,6,15.6985
2003,2003,2003.54166666667,7,15.9549
2003,2003,2003.625,8,15.7286
2003,2003,2003.70833333333,9,15.0014
2003,2003,2003.79166666667,10,14.0479
2003,2003,2003.875,11,13.1076
2003,2004,2003.95833333333,12,12.3838
2004,2004,2004.04166666667,1,12.2259
2004,2004,2004.125,2,12.5155
2004,2004,2004.20833333333,3,13.2168
2004,2004,2004.29166666667,4,14.1514
2004,2004,2004.375,5,15.038
2004,2004,2004.45833333333,6,15.6934
2004,2004,2004.54166666667,7,15.9346
2004,2004,2004.625,8,15.7362
2004,2004,2004.70833333333,9,15.024
2004,2004,2004.79166666667,10,14.0394
2004,2004,2004.875,11,13.0713
2004,2005,2004.95833333333,12,12.3813
2005,2005,2005.04166666667,1,12.176
2005,2005,2005.125,2,12.4366
2005,2005,2005.20833333333,3,13.1503
2005,2005,2005.29166666667,4,14.0917
2005,2005,2005.375,5,15.0401
2005,2005,2005.45833333333,6,15.6962
2005,2005,2005.54166666667,7,15.9263
2005,2005,2005.625,8,15.7547
2005,2005,2005.70833333333,9,15.058
2005,2005,2005.79166666667,10,14.0861
2005,2005,2005.875,11,13.1026
2005,2006,2005.95833333333,12,12.4322
2006,2006,2006.04166666667,1,12.2866
2006,2006,2006.125,2,12.5452
2006,2006,2006.20833333333,3,13.2464000000001
2006,2006,2006.29166666667,4,14.1833
2006,2006,2006.375,5,15.0821
2006,2006,2006.45833333333,6,15.7218
2006,2006,2006.54166666667,7,15.9631
2006,2006,2006.625,8,15.7645
2006,2006,2006.70833333333,9,15.0516
2006,2006,2006.79166666667,10,14.0869
2006,2006,2006.875,11,13.1403
2006,2007,2006.95833333333,12,12.4504
2007,2007,2007.04166666667,1,12.2644
2007,2007,2007.125,2,12.5271
2007,2007,2007.20833333333,3,13.2386
2007,2007,2007.29166666667,4,14.1921
2007,2007,2007.375,5,15.0919
2007,2007,2007.45833333333,6,15.7577
2007,2007,2007.54166666667,7,16.0184
2007,2007,2007.625,8,15.8127
2007,2007,2007.70833333333,9,15.1197
2007,2007,2007.79166666667,10,14.2033
2007,2007,2007.875,11,13.2339
2007,2008,2007.95833333333,12,12.5366
2008,2008,2008.04166666667,1,12.3478
2008,2008,2008.125,2,12.6209
2008,2008,2008.20833333333,3,13.3255
2008,2008,2008.29166666667,4,14.2704
2008,2008,2008.375,5,15.1944
2008,2008,2008.45833333333,6,15.8102
2008,2008,2008.54166666667,7,16.0738
2008,2008,2008.625,8,15.838
2008,2008,2008.70833333333,9,15.1346
2008,2008,2008.79166666667,10,14.1519
2008,2008,2008.875,11,13.2152
2008,2009,2008.95833333333,12,12.4576
2009,2009,2009.04166666667,1,12.2697
2009,2009,2009.125,2,12.6024
2009,2009,2009.20833333333,3,13.2515
2009,2009,2009.29166666667,4,14.188
2009,2009,2009.375,5,15.1238
2009,2009,2009.45833333333,6,15.7805
2009,2009,2009.54166666667,7,16.0413
2009,2009,2009.625,8,15.8341
2009,2009,2009.70833333333,9,15.1346
2009,2009,2009.79166666667,10,14.1525
2009,2009,2009.875,11,13.1874
2009,2010,2009.95833333333,12,12.4873
2010,2010,2010.04166666667,1,12.2893
2010,2010,2010.125,2,12.6003
2010,2010,2010.20833333333,3,13.27
2010,2010,2010.29166666667,4,14.2142
2010,2010,2010.375,5,15.1253
2010,2010,2010.45833333333,6,15.7692
2010,2010,2010.54166666667,7,16.0247
2010,2010,2010.625,8,15.8244
2010,2010,2010.70833333333,9,15.1262
2010,2010,2010.79166666667,10,14.1518
2010,2010,2010.875,11,13.1568
2010,2011,2010.95833333333,12,12.4926
2011,2011,2011.04166666667,1,12.3377
2011,2011,2011.125,2,12.6183
2011,2011,2011.20833333333,3,13.2993
2011,2011,2011.29166666667,4,14.2468
2011,2011,2011.375,5,15.1348
2011,2011,2011.45833333333,6,15.7742
2011,2011,2011.54166666667,7,16.0337
2011,2011,2011.625,8,15.8675
2011,2011,2011.70833333333,9,15.1748
2011,2011,2011.79166666667,10,14.2132
2011,2011,2011.875,11,13.2348
2011,2012,2011.95833333333,12,12.533
2012,2012,2012.04166666667,1,12.3562
2012,2012,2012.125,2,12.6865
2012,2012,2012.20833333333,3,13.3765
2012,2012,2012.29166666667,4,14.2956
2012,2012,2012.375,5,15.2288
2012,2012,2012.45833333333,6,15.8626
2012,2012,2012.54166666667,7,16.1071
2012,2012,2012.625,8,15.9019
2012,2012,2012.70833333333,9,15.1989
2012,2012,2012.79166666667,10,14.2478
2012,2012,2012.875,11,13.2791
2012,2013,2012.95833333333,12,12.6399
2013,2013,2013.04166666667,1,12.4179
2013,2013,2013.125,2,12.6802
2013,2013,2013.20833333333,3,13.3989
2013,2013,2013.29166666667,4,14.3236
2013,2013,2013.375,5,15.1993000000001
2013,2013,2013.45833333333,6,15.8602
2013,2013,2013.54166666667,7,16.0993
2013,2013,2013.625,8,15.908
2013,2013,2013.70833333333,9,15.2041
2013,2013,2013.79166666667,10,14.2526
2013,2013,2013.875,11,13.2588
2013,2014,2013.95833333333,12,12.5733
2014,2014,2014.04166666667,1,12.3867
2014,2014,2014.125,2,12.6737
2014,2014,2014.20833333333,3,13.3327
2014,2014,2014.29166666667,4,14.3137
2014,2014,2014.375,5,15.2364
2014,2014,2014.45833333333,6,15.8868000000001
2014,2014,2014.54166666667,7,16.1287
2014,2014,2014.625,8,15.909
2014,2014,2014.70833333333,9,15.2347
2014,2014,2014.79166666667,10,14.2622
2014,2014,2014.875,11,13.2801
2014,2015,2014.95833333333,12,12.6191
2015,2015,2015.04166666667,1,12.4292
2015,2015,2015.125,2,12.673
2015,2015,2015.20833333333,3,13.3671000000001
2015,2015,2015.29166666667,4,14.3436
2015,2015,2015.375,5,15.2508
2015,2015,2015.45833333333,6,15.9012
2015,2015,2015.54166666667,7,16.1666
2015,2015,2015.625,8,15.9665
2015,2015,2015.70833333333,9,15.2458
2015,2015,2015.79166666667,10,14.2951
2015,2015,2015.875,11,13.3207
2015,2016,2015.95833333333,12,12.6287
2016,2016,2016.04166666667,1,12.4547
2016,2016,2016.125,2,12.7307
2016,2016,2016.20833333333,3,13.4478
2016,2016,2016.29166666667,4,14.3976
2016,2016,2016.375,5,15.295
2016,2016,2016.45833333333,6,15.9254
2016,2016,2016.54166666667,7,16.1854
2016,2016,2016.625,8,15.9756
2016,2016,2016.70833333333,9,15.2617
2016,2016,2016.79166666667,10,14.3133
2016,2016,2016.875,11,13.3047
2016,2017,2016.95833333333,12,12.6656
2017,2017,2017.04166666667,1,12.4475
2017,2017,2017.125,2,12.7579
2017,2017,2017.20833333333,3,13.4450000000001
2017,2017,2017.29166666667,4,14.3861
2017,2017,2017.375,5,15.3026
2017,2017,2017.45833333333,6,15.9506
2017,2017,2017.54166666667,7,16.2365
2017,2017,2017.625,8,15.9991
2017,2017,2017.70833333333,9,15.2744
2017,2017,2017.79166666667,10,14.3091
2017,2017,2017.875,11,13.3448
2017,2018,2017.95833333333,12,12.6471
2018,2018,2018.04166666667,1,12.4983
2018,2018,2018.125,2,12.804
2018,2018,2018.20833333333,3,13.4436
2018,2018,2018.29166666667,4,14.3804
2018,2018,2018.375,5,15.2733
2018,2018,2018.45833333333,6,15.9427
2018,2018,2018.54166666667,7,16.199
2018,2018,2018.625,8,15.9824
2018,2018,2018.70833333333,9,15.2559
2018,2018,2018.79166666667,10,14.2975
2018,2018,2018.875,11,13.3334
2018,2019,2018.95833333333,12,12.6603
2019,2019,2019.04166666667,1,12.478
2019,2019,2019.125,2,12.7827
2019,2019,2019.20833333333,3,13.4706
2019,2019,2019.29166666667,4,14.4013
2019,2019,2019.375,5,15.2887
2019,2019,2019.45833333333,6,15.9616
2019,2019,2019.54166666667,7,16.24
2019,2019,2019.625,8,16.0391
2019,2019,2019.70833333333,9,15.3369
2019,2019,2019.79166666667,10,14.3841
2019,2019,2019.875,11,13.3926
2019,2020,2019.95833333333,12,12.7313
2020,2020,2020.04166666667,1,12.5394
2020,2020,2020.125,2,12.8719
2020,2020,2020.20833333333,3,13.5631
2020,2020,2020.29166666667,4,14.4914
2020,2020,2020.375,5,15.4001
2020,2020,2020.45833333333,6,16.0585
2020,2020,2020.54166666667,7,16.3056
2020,2020,2020.625,8,16.0879
2020,2020,2020.70833333333,9,15.371
2020,2020,2020.79166666667,10,14.4105
2020,2020,2020.875,11,13.433
2020,2021,2020.95833333333,12,12.7625
2021,2021,2021.04166666667,1,12.5557
2021,2021,2021.125,2,12.8415
2021,2021,2021.20833333333,3,13.5444
2021,2021,2021.29166666667,4,14.4737
2021,2021,2021.375,5,15.3905
2021,2021,2021.45833333333,6,16.0278
2021,2021,2021.54166666667,7,16.288
2021,2021,2021.625,8,16.087
2021,2021,2021.70833333333,9,15.3755
2021,2021,2021.79166666667,10,14.4205
2021,2021,2021.875,11,13.4565
2021,2022,2021.95833333333,12,12.7927
2022,2022,2022.04166666667,1,12.5824
2022,2022,2022.125,2,12.8819
2022,2022,2022.20833333333,3,13.5756
2022,2022,2022.29166666667,4,14.5162
2022,2022,2022.375,5,15.4225
2022,2022,2022.45833333333,6,16.0627
2022,2022,2022.54166666667,7,16.3162
2022,2022,2022.625,8,16.1037
2022,2022,2022.70833333333,9,15.4167
2022,2022,2022.79166666667,10,14.4844000000001
2022,2022,2022.875,11,13.4942
2022,2023,2022.95833333333,12,12.7846
2023,2023,2023.04166666667,1,12.6244
2023,2023,2023.125,2,12.8607
2023,2023,2023.20833333333,3,13.5603
2023,2023,2023.29166666667,4,14.5007
2023,2023,2023.375,5,15.4387
2023,2023,2023.45833333333,6,16.0915
2023,2023,2023.54166666667,7,16.3522
2023,2023,2023.625,8,16.1104
2023,2023,2023.70833333333,9,15.4109
2023,2023,2023.79166666667,10,14.4706
2023,2023,2023.875,11,13.5077
2023,2024,2023.95833333333,12,12.8164
2024,2024,2024.04166666667,1,12.6572
2024,2024,2024.125,2,12.9495
2024,2024,2024.20833333333,3,13.6386
2024,2024,2024.29166666667,4,14.5492
2024,2024,2024.375,5,15.4951
2024,2024,2024.45833333333,6,16.0899
2024,2024,2024.54166666667,7,16.371
2024,2024,2024.625,8,16.1621
2024,2024,2024.70833333333,9,15.4308
2024,2024,2024.79166666667,10,14.4843
2024,2024,2024.875,11,13.5042
2024,2025,2024.95833333333,12,12.8691
2025,2025,2025.04166666667,1,12.6869
2025,2025,2025.125,2,12.9504
2025,2025,2025.20833333333,3,13.6506
2025,2025,2025.29166666667,4,14.5949
2025,2025,2025.375,5,15.4929
2025,2025,2025.45833333333,6,16.1341
2025,2025,2025.54166666667,7,16.3947
2025,2025,2025.625,8,16.2181
2025,2025,2025.70833333333,9,15.5104
2025,2025,2025.79166666667,10,14.5514
2025,2025,2025.875,11,13.5608
2025,2026,2025.95833333333,12,12.8826
2026,2026,2026.04166666667,1,12.7061
2026,2026,2026.125,2,12.9839
2026,2026,2026.20833333333,3,13.6619
2026,2026,2026.29166666667,4,14.5999
2026,2026,2026.375,5,15.5285
2026,2026,2026.45833333333,6,16.1753
2026,2026,2026.54166666667,7,16.4428
2026,2026,2026.625,8,16.2162
2026,2026,2026.70833333333,9,15.5412
2026,2026,2026.79166666667,10,14.5727
2026,2026,2026.875,11,13.6088
2026,2027,2026.95833333333,12,12.9274
2027,2027,2027.04166666667,1,12.722
2027,2027,2027.125,2,13.0442
2027,2027,2027.20833333333,3,13.748
2027,2027,2027.29166666667,4,14.6523
2027,2027,2027.375,5,15.5398
2027,2027,2027.45833333333,6,16.1971
2027,2027,2027.54166666667,7,16.4962
2027,2027,2027.625,8,16.2666
2027,2027,2027.70833333333,9,15.5677
2027,2027,2027.79166666667,10,14.5904
2027,2027,2027.875,11,13.6573
2027,2028,2027.95833333333,12,12.9973
2028,2028,2028.04166666667,1,12.8275
2028,2028,2028.125,2,13.0813
2028,2028,2028.20833333333,3,13.7435
2028,2028,2028.29166666667,4,14.6906
2028,2028,2028.375,5,15.5807
2028,2028,2028.45833333333,6,16.2194
2028,2028,2028.54166666667,7,16.4913
2028,2028,2028.625,8,16.2922
2028,2028,2028.70833333333,9,15.5915
2028,2028,2028.79166666667,10,14.6551
2028,2028,2028.875,11,13.6775
2028,2029,2028.95833333333,12,12.9837
2029,2029,2029.04166666667,1,12.7892000000001
2029,2029,2029.125,2,13.1109
2029,2029,2029.20833333333,3,13.7909
2029,2029,2029.29166666667,4,14.6771
2029,2029,2029.375,5,15.613
2029,2029,2029.45833333333,6,16.2599
2029,2029,2029.54166666667,7,16.5154
2029,2029,2029.625,8,16.3297
2029,2029,2029.70833333333,9,15.622
2029,2029,2029.79166666667,10,14.668
2029,2029,2029.875,11,13.7265
2029,2030,2029.95833333333,12,13.0444
2030,2030,2030.04166666667,1,12.8437
2030,2030,2030.125,2,13.1198
2030,2030,2030.20833333333,3,13.8658
2030,2030,2030.29166666667,4,14.7512
2030,2030,2030.375,5,15.6497
2030,2030,2030.45833333333,6,16.2843
2030,2030,2030.54166666667,7,16.554
2030,2030,2030.625,8,16.3457
2030,2030,2030.70833333333,9,15.6471
2030,2030,2030.79166666667,10,14.6935
2030,2030,2030.875,11,13.7317
2030,2031,2030.95833333333,12,13.0291
2031,2031,2031.04166666667,1,12.8027
2031,2031,2031.125,2,13.1016
2031,2031,2031.20833333333,3,13.8067
2031,2031,2031.29166666667,4,14.7069
2031,2031,2031.375,5,15.6063
2031,2031,2031.45833333333,6,16.2643
2031,2031,2031.54166666667,7,16.538
2031,2031,2031.625,8,16.3064
2031,2031,2031.70833333333,9,15.614
2031,2031,2031.79166666667,10,14.6708
2031,2031,2031.875,11,13.7118
2031,2032,2031.95833333333,12,13.0206
2032,2032,2032.04166666667,1,12.903
2032,2032,2032.125,2,13.1721
2032,2032,2032.20833333333,3,13.8504
2032,2032,2032.29166666667,4,14.7616
2032,2032,2032.375,5,15.675
2032,2032,2032.45833333333,6,16.3321
2032,2032,2032.54166666667,7,16.6133
2032,2032,2032.625,8,16.4188
2032,2032,2032.70833333333,9,15.7190000000001
2032,2032,2032.79166666667,10,14.7445
2032,2032,2032.875,11,13.8206
2032,2033,2032.95833333333,12,13.1362
2033,2033,2033.04166666667,1,12.9875
2033,2033,2033.125,2,13.2341
2033,2033,2033.20833333333,3,13.9231
2033,2033,2033.29166666667,4,14.8312
2033,2033,2033.375,5,15.7037
2033,2033,2033.45833333333,6,16.3777
2033,2033,2033.54166666667,7,16.6369
2033,2033,2033.625,8,16.4418
2033,2033,2033.70833333333,9,15.7319
2033,2033,2033.79166666667,10,14.7689
2033,2033,2033.875,11,13.8043
2033,2034,2033.95833333333,12,13.1198
2034,2034,2034.04166666667,1,12.9498
2034,2034,2034.125,2,13.2287
2034,2034,2034.20833333333,3,13.8938
2034,2034,2034.29166666667,4,14.8228
2034,2034,2034.375,5,15.735
2034,2034,2034.45833333333,6,16.3514
2034,2034,2034.54166666667,7,16.6405
2034,2034,2034.625,8,16.4567
2034,2034,2034.70833333333,9,15.7564
2034,2034,2034.79166666667,10,14.7954
2034,2034,2034.875,11,13.8331
2034,2035,2034.95833333333,12,13.1772
2035,2035,2035.04166666667,1,12.9827
2035,2035,2035.125,2,13.2604
2035,2035,2035.20833333333,3,13.9328
2035,2035,2035.29166666667,4,14.8619
2035,2035,2035.375,5,15.776
2035,2035,2035.45833333333,6,16.4055
2035,2035,2035.54166666667,7,16.6699
2035,2035,2035.625,8,16.4886
2035,2035,2035.70833333333,9,15.7957
2035,2035,2035.79166666667,10,14.8518
2035,2035,2035.875,11,13.8743
2035,2036,2035.95833333333,12,13.2039
2036,2036,2036.04166666667,1,12.9719
2036,2036,2036.125,2,13.2576
2036,2036,2036.20833333333,3,13.9619
2036,2036,2036.29166666667,4,14.8831
2036,2036,2036.375,5,15.7898
2036,2036,2036.45833333333,6,16.4415
2036,2036,2036.54166666667,7,16.7203
2036,2036,2036.625,8,16.5012
2036,2036,2036.70833333333,9,15.8028
2036,2036,2036.79166666667,10,14.8625
2036,2036,2036.875,11,13.922
2036,2037,2036.95833333333,12,13.2415
2037,2037,2037.04166666667,1,13.0701
2037,2037,2037.125,2,13.3534
2037,2037,2037.20833333333,3,14.042
2037,2037,2037.29166666667,4,14.927
2037,2037,2037.375,5,15.8381
2037,2037,2037.45833333333,6,16.4832
2037,2037,2037.54166666667,7,16.7512
2037,2037,2037.625,8,16.5595
2037,2037,2037.70833333333,9,15.8662
2037,2037,2037.79166666667,10,14.9302
2037,2037,2037.875,11,13.9389
2037,2038,2037.95833333333,12,13.2696
2038,2038,2038.04166666667,1,13.0861
2038,2038,2038.125,2,13.3455
2038,2038,2038.20833333333,3,14.0078
2038,2038,2038.29166666667,4,14.9562
2038,2038,2038.375,5,15.8493
2038,2038,2038.45833333333,6,16.4911
2038,2038,2038.54166666667,7,16.7838
2038,2038,2038.625,8,16.603
2038,2038,2038.70833333333,9,15.9155
2038,2038,2038.79166666667,10,14.9866
2038,2038,2038.875,11,14.0281
2038,2039,2038.95833333333,12,13.3119
2039,2039,2039.04166666667,1,13.1578
2039,2039,2039.125,2,13.4445
2039,2039,2039.20833333333,3,14.1078
2039,2039,2039.29166666667,4,15.0193
2039,2039,2039.375,5,15.9005
2039,2039,2039.45833333333,6,16.5235
2039,2039,2039.54166666667,7,16.8282
2039,2039,2039.625,8,16.6305
2039,2039,2039.70833333333,9,15.9562
2039,2039,2039.79166666667,10,15.0008
2039,2039,2039.875,11,14.0348
2039,2040,2039.95833333333,12,13.3369
2040,2040,2040.04166666667,1,13.175
2040,2040,2040.125,2,13.4295
2040,2040,2040.20833333333,3,14.1003
2040,2040,2040.29166666667,4,15.0404
2040,2040,2040.375,5,15.9229
2040,2040,2040.45833333333,6,16.5814
2040,2040,2040.54166666667,7,16.8422
2040,2040,2040.625,8,16.6473
2040,2040,2040.70833333333,9,15.9618
2040,2040,2040.79166666667,10,15.0324
2040,2040,2040.875,11,14.0722
2040,2041,2040.95833333333,12,13.4007
2041,2041,2041.04166666667,1,13.2046
2041,2041,2041.125,2,13.4872
2041,2041,2041.20833333333,3,14.1587
2041,2041,2041.29166666667,4,15.0644
2041,2041,2041.375,5,15.9555
2041,2041,2041.45833333333,6,16.6034
2041,2041,2041.54166666667,7,16.869
2041,2041,2041.625,8,16.6736
2041,2041,2041.70833333333,9,15.975
2041,2041,2041.79166666667,10,15.0135
2041,2041,2041.875,11,14.106
2041,2042,2041.95833333333,12,13.4325
2042,2042,2042.04166666667,1,13.2024
2042,2042,2042.125,2,13.4895
2042,2042,2042.20833333333,3,14.1302
2042,2042,2042.29166666667,4,15.0465
2042,2042,2042.375,5,15.9514
2042,2042,2042.45833333333,6,16.583
2042,2042,2042.54166666667,7,16.884
2042,2042,2042.625,8,16.7003
2042,2042,2042.70833333333,9,16.0178
2042,2042,2042.79166666667,10,15.092
2042,2042,2042.875,11,14.1914
2042,2043,2042.95833333333,12,13.4698
2043,2043,2043.04166666667,1,13.2805
2043,2043,2043.125,2,13.5426
2043,2043,2043.20833333333,3,14.2218
2043,2043,2043.29166666667,4,15.1247
2043,2043,2043.375,5,16.0281
2043,2043,2043.45833333333,6,16.6658
2043,2043,2043.54166666667,7,16.9297
2043,2043,2043.625,8,16.7367
2043,2043,2043.70833333333,9,16.0573
2043,2043,2043.79166666667,10,15.1591
2043,2043,2043.875,11,14.1576
2043,2044,2043.95833333333,12,13.4773
2044,2044,2044.04166666667,1,13.276
2044,2044,2044.125,2,13.5578
2044,2044,2044.20833333333,3,14.2205
2044,2044,2044.29166666667,4,15.1538
2044,2044,2044.375,5,16.0333
2044,2044,2044.45833333333,6,16.6826
2044,2044,2044.54166666667,7,16.9579
2044,2044,2044.625,8,16.7707
2044,2044,2044.70833333333,9,16.0894
2044,2044,2044.79166666667,10,15.1411
2044,2044,2044.875,11,14.1942
2044,2045,2044.95833333333,12,13.501
2045,2045,2045.04166666667,1,13.2879
2045,2045,2045.125,2,13.5583
2045,2045,2045.20833333333,3,14.2367
2045,2045,2045.29166666667,4,15.1758
2045,2045,2045.375,5,16.0463
2045,2045,2045.45833333333,6,16.7087
2045,2045,2045.54166666667,7,16.9962
2045,2045,2045.625,8,16.7914
2045,2045,2045.70833333333,9,16.0793
2045,2045,2045.79166666667,10,15.1631
2045,2045,2045.875,11,14.2405
2045,2046,2045.95833333333,12,13.5695
2046,2046,2046.04166666667,1,13.3876
2046,2046,2046.125,2,13.6457
2046,2046,2046.20833333333,3,14.273
2046,2046,2046.29166666667,4,15.2089
2046,2046,2046.375,5,16.0881
2046,2046,2046.45833333333,6,16.7228
2046,2046,2046.54166666667,7,17.0447
2046,2046,2046.625,8,16.831
2046,2046,2046.70833333333,9,16.1658
2046,2046,2046.79166666667,10,15.2004
2046,2046,2046.875,11,14.2776
2046,2047,2046.95833333333,12,13.6093
2047,2047,2047.04166666667,1,13.3998
2047,2047,2047.125,2,13.6763
2047,2047,2047.20833333333,3,14.3466
2047,2047,2047.29166666667,4,15.2288
2047,2047,2047.375,5,16.1247
2047,2047,2047.45833333333,6,16.7909
2047,2047,2047.54166666667,7,17.0743000000001
2047,2047,2047.625,8,16.8652
2047,2047,2047.70833333333,9,16.194
2047,2047,2047.79166666667,10,15.2506
2047,2047,2047.875,11,14.3223
2047,2048,2047.95833333333,12,13.646
2048,2048,2048.04166666667,1,13.4568
2048,2048,2048.125,2,13.7252
2048,2048,2048.20833333333,3,14.3561
2048,2048,2048.29166666667,4,15.2823
2048,2048,2048.375,5,16.1727
2048,2048,2048.45833333333,6,16.8103
2048,2048,2048.54166666667,7,17.1125
2048,2048,2048.625,8,16.924
2048,2048,2048.70833333333,9,16.2364
2048,2048,2048.79166666667,10,15.3112
2048,2048,2048.875,11,14.388
2048,2049,2048.95833333333,12,13.6708
2049,2049,2049.04166666667,1,13.4681
2049,2049,2049.125,2,13.7284
2049,2049,2049.20833333333,3,14.4182
2049,2049,2049.29166666667,4,15.3058
2049,2049,2049.375,5,16.1937
2049,2049,2049.45833333333,6,16.8362
2049,2049,2049.54166666667,7,17.1072
2049,2049,2049.625,8,16.9075
2049,2049,2049.70833333333,9,16.1989
2049,2049,2049.79166666667,10,15.3106
2049,2049,2049.875,11,14.3697
2049,2050,2049.95833333333,12,13.7227
2050,2050,2050.04166666667,1,13.5204
2050,2050,2050.125,2,13.7557
2050,2050,2050.20833333333,3,14.4078
2050,2050,2050.29166666667,4,15.3293
2050,2050,2050.375,5,16.1906
2050,2050,2050.45833333333,6,16.8559
2050,2050,2050.54166666667,7,17.1427
2050,2050,2050.625,8,16.9538
2050,2050,2050.70833333333,9,16.2558
2050,2050,2050.79166666667,10,15.3236
2050,2050,2050.875,11,14.3878
2050,2051,2050.95833333333,12,13.7284
2051,2051,2051.04166666667,1,13.5505
2051,2051,2051.125,2,13.8148
2051,2051,2051.20833333333,3,14.4453
2051,2051,2051.29166666667,4,15.367
2051,2051,2051.375,5,16.2309
2051,2051,2051.45833333333,6,16.8746
2051,2051,2051.54166666667,7,17.1697
2051,2051,2051.625,8,16.985
2051,2051,2051.70833333333,9,16.2924
2051,2051,2051.79166666667,10,15.3462
2051,2051,2051.875,11,14.4143
2051,2052,2051.95833333333,12,13.7173
2052,2052,2052.04166666667,1,13.5038
2052,2052,2052.125,2,13.8104
2052,2052,2052.20833333333,3,14.4771
2052,2052,2052.29166666667,4,15.3709
2052,2052,2052.375,5,16.2707
2052,2052,2052.45833333333,6,16.9033
2052,2052,2052.54166666667,7,17.1856
2052,2052,2052.625,8,16.9883
2052,2052,2052.70833333333,9,16.3048
2052,2052,2052.79166666667,10,15.3655
2052,2052,2052.875,11,14.447
2052,2053,2052.95833333333,12,13.7562
2053,2053,2053.04166666667,1,13.6031
2053,2053,2053.125,2,13.8744
2053,2053,2053.20833333333,3,14.5484
2053,2053,2053.29166666667,4,15.4655
2053,2053,2053.375,5,16.3218
2053,2053,2053.45833333333,6,16.9567
2053,2053,2053.54166666667,7,17.2519
2053,2053,2053.625,8,17.0572
2053,2053,2053.70833333333,9,16.3672
2053,2053,2053.79166666667,10,15.4656
2053,2053,2053.875,11,14.5305
2053,2054,2053.95833333333,12,13.8563
2054,2054,2054.04166666667,1,13.6423
2054,2054,2054.125,2,13.8931
2054,2054,2054.20833333333,3,14.5602
2054,2054,2054.29166666667,4,15.4761
2054,2054,2054.375,5,16.3541
2054,2054,2054.45833333333,6,17.0189
2054,2054,2054.54166666667,7,17.3087
2054,2054,2054.625,8,17.0867
2054,2054,2054.70833333333,9,16.4105
2054,2054,2054.79166666667,10,15.4849
2054,2054,2054.875,11,14.5398
2054,2055,2054.95833333333,12,13.8729
2055,2055,2055.04166666667,1,13.6683
2055,2055,2055.125,2,13.9684
2055,2055,2055.20833333333,3,14.5816
2055,2055,2055.29166666667,4,15.4977
2055,2055,2055.375,5,16.3928
2055,2055,2055.45833333333,6,17.007
2055,2055,2055.54166666667,7,17.2853
2055,2055,2055.625,8,17.0988
2055,2055,2055.70833333333,9,16.4176
2055,2055,2055.79166666667,10,15.4643
2055,2055,2055.875,11,14.5582
2055,2056,2055.95833333333,12,13.8801
2056,2056,2056.04166666667,1,13.6634
2056,2056,2056.125,2,13.9419
2056,2056,2056.20833333333,3,14.5814
2056,2056,2056.29166666667,4,15.5036
2056,2056,2056.375,5,16.3709
2056,2056,2056.45833333333,6,17.0018
2056,2056,2056.54166666667,7,17.2947
2056,2056,2056.625,8,17.1214000000001
2056,2056,2056.70833333333,9,16.4365
2056,2056,2056.79166666667,10,15.5128
2056,2056,2056.875,11,14.5828
2056,2057,2056.95833333333,12,13.8869
2057,2057,2057.04166666667,1,13.6555
2057,2057,2057.125,2,13.9218
2057,2057,2057.20833333333,3,14.6291000000001
2057,2057,2057.29166666667,4,15.5219
2057,2057,2057.375,5,16.4099000000001
2057,2057,2057.45833333333,6,17.0631
2057,2057,2057.54166666667,7,17.3618
2057,2057,2057.625,8,17.1765
2057,2057,2057.70833333333,9,16.4765
2057,2057,2057.79166666667,10,15.5455
2057,2057,2057.875,11,14.5991
2057,2058,2057.95833333333,12,13.9162
2058,2058,2058.04166666667,1,13.7612
2058,2058,2058.125,2,13.9867
2058,2058,2058.20833333333,3,14.5936
2058,2058,2058.29166666667,4,15.5524
2058,2058,2058.375,5,16.4381
2058,2058,2058.45833333333,6,17.087
2058,2058,2058.54166666667,7,17.3962
2058,2058,2058.625,8,17.1894
2058,2058,2058.70833333333,9,16.5003
2058,2058,2058.79166666667,10,15.5852
2058,2058,2058.875,11,14.6484
2058,2059,2058.95833333333,12,13.9396
2059,2059,2059.04166666667,1,13.7852
2059,2059,2059.125,2,14.0287
2059,2059,2059.20833333333,3,14.6561
2059,2059,2059.29166666667,4,15.6014
2059,2059,2059.375,5,16.456
2059,2059,2059.45833333333,6,17.128
2059,2059,2059.54166666667,7,17.4113
2059,2059,2059.625,8,17.2084
2059,2059,2059.70833333333,9,16.5048
2059,2059,2059.79166666667,10,15.6073
2059,2059,2059.875,11,14.675
2059,2060,2059.95833333333,12,13.964
2060,2060,2060.04166666667,1,13.7435
2060,2060,2060.125,2,14.0043
2060,2060,2060.20833333333,3,14.6856
2060,2060,2060.29166666667,4,15.5852
2060,2060,2060.375,5,16.4664
2060,2060,2060.45833333333,6,17.1069
2060,2060,2060.54166666667,7,17.397
2060,2060,2060.625,8,17.2107
2060,2060,2060.70833333333,9,16.543
2060,2060,2060.79166666667,10,15.6633
2060,2060,2060.875,11,14.7282
2060,2061,2060.95833333333,12,14.0582
2061,2061,2061.04166666667,1,13.8809
2061,2061,2061.125,2,14.129
2061,2061,2061.20833333333,3,14.764
2061,2061,2061.29166666667,4,15.661
2061,2061,2061.375,5,16.5521
2061,2061,2061.45833333333,6,17.2056
2061,2061,2061.54166666667,7,17.5078
2061,2061,2061.625,8,17.3121
2061,2061,2061.70833333333,9,16.6278
2061,2061,2061.79166666667,10,15.7142
2061,2061,2061.875,11,14.7941
2061,2062,2061.95833333333,12,14.1551
2062,2062,2062.04166666667,1,13.934
2062,2062,2062.125,2,14.1974
2062,2062,2062.20833333333,3,14.8404
2062,2062,2062.29166666667,4,15.7296
2062,2062,2062.375,5,16.5842
2062,2062,2062.45833333333,6,17.2169
2062,2062,2062.54166666667,7,17.4954
2062,2062,2062.625,8,17.3063
2062,2062,2062.70833333333,9,16.6261
2062,2062,2062.79166666667,10,15.7133
2062,2062,2062.875,11,14.8114
2062,2063,2062.95833333333,12,14.0939
2063,2063,2063.04166666667,1,13.9094
2063,2063,2063.125,2,14.1888
2063,2063,2063.20833333333,3,14.8314
2063,2063,2063.29166666667,4,15.7074
2063,2063,2063.375,5,16.5877
2063,2063,2063.45833333333,6,17.2573
2063,2063,2063.54166666667,7,17.5382
2063,2063,2063.625,8,17.3398
2063,2063,2063.70833333333,9,16.6831
2063,2063,2063.79166666667,10,15.7495
2063,2063,2063.875,11,14.8488
2063,2064,2063.95833333333,12,14.1517
2064,2064,2064.04166666667,1,13.9815
2064,2064,2064.125,2,14.2189
2064,2064,2064.20833333333,3,14.8877
2064,2064,2064.29166666667,4,15.7414
2064,2064,2064.375,5,16.6084
2064,2064,2064.45833333333,6,17.2322
2064,2064,2064.54166666667,7,17.5542
2064,2064,2064.625,8,17.3615
2064,2064,2064.70833333333,9,16.6776
2064,2064,2064.79166666667,10,15.7526
2064,2064,2064.875,11,14.861
2064,2065,2064.95833333333,12,14.1796000000001
2065,2065,2065.04166666667,1,13.955
2065,2065,2065.125,2,14.2475
2065,2065,2065.20833333333,3,14.8742
2065,2065,2065.29166666667,4,15.7703
2065,2065,2065.375,5,16.6695
2065,2065,2065.45833333333,6,17.305
2065,2065,2065.54166666667,7,17.6208
2065,2065,2065.625,8,17.4361
2065,2065,2065.70833333333,9,16.7393
2065,2065,2065.79166666667,10,15.8223
2065,2065,2065.875,11,14.9178
2065,2066,2065.95833333333,12,14.237
2066,2066,2066.04166666667,1,14.0251
2066,2066,2066.125,2,14.2843
2066,2066,2066.20833333333,3,14.9242
2066,2066,2066.29166666667,4,15.8393
2066,2066,2066.375,5,16.7078
2066,2066,2066.45833333333,6,17.3339
2066,2066,2066.54166666667,7,17.6057
2066,2066,2066.625,8,17.4365
2066,2066,2066.70833333333,9,16.7699
2066,2066,2066.79166666667,10,15.8263
2066,2066,2066.875,11,14.9053
2066,2067,2066.95833333333,12,14.2638
2067,2067,2067.04166666667,1,14.0474
2067,2067,2067.125,2,14.3071
2067,2067,2067.20833333333,3,14.9579
2067,2067,2067.29166666667,4,15.8164
2067,2067,2067.375,5,16.6901
2067,2067,2067.45833333333,6,17.339
2067,2067,2067.54166666667,7,17.6598
2067,2067,2067.625,8,17.4855
2067,2067,2067.70833333333,9,16.7952
2067,2067,2067.79166666667,10,15.8881
2067,2067,2067.875,11,15.0047
2067,2068,2067.95833333333,12,14.3440000000001
2068,2068,2068.04166666667,1,14.1415
2068,2068,2068.125,2,14.3835
2068,2068,2068.20833333333,3,15.0157
2068,2068,2068.29166666667,4,15.8715
2068,2068,2068.375,5,16.7417
2068,2068,2068.45833333333,6,17.3925
2068,2068,2068.54166666667,7,17.7112
2068,2068,2068.625,8,17.5276
2068,2068,2068.70833333333,9,16.8036
2068,2068,2068.79166666667,10,15.9218
2068,2068,2068.875,11,15.0154
2068,2069,2068.95833333333,12,14.3393
2069,2069,2069.04166666667,1,14.1251
2069,2069,2069.125,2,14.3435
2069,2069,2069.20833333333,3,14.9963
2069,2069,2069.29166666667,4,15.9032
2069,2069,2069.375,5,16.7523
2069,2069,2069.45833333333,6,17.4022000000001
2069,2069,2069.54166666667,7,17.6973
2069,2069,2069.625,8,17.4978
2069,2069,2069.70833333333,9,16.8279
2069,2069,2069.79166666667,10,15.8845
2069,2069,2069.875,11,15.0017
2069,2070,2069.95833333333,12,14.315
2070,2070,2070.04166666667,1,14.0733
2070,2070,2070.125,2,14.3923
2070,2070,2070.20833333333,3,15.0085
2070,2070,2070.29166666667,4,15.8799
2070,2070,2070.375,5,16.749
2070,2070,2070.45833333333,6,17.4008
2070,2070,2070.54166666667,7,17.6851
2070,2070,2070.625,8,17.5192
2070,2070,2070.70833333333,9,16.8431
2070,2070,2070.79166666667,10,15.9423
2070,2070,2070.875,11,15.033
2070,2071,2070.95833333333,12,14.4197
2071,2071,2071.04166666667,1,14.2014
2071,2071,2071.125,2,14.471
2071,2071,2071.20833333333,3,15.0804
2071,2071,2071.29166666667,4,15.9472
2071,2071,2071.375,5,16.8138
2071,2071,2071.45833333333,6,17.4542
2071,2071,2071.54166666667,7,17.7626
2071,2071,2071.625,8,17.5742
2071,2071,2071.70833333333,9,16.9062
2071,2071,2071.79166666667,10,16.0124
2071,2071,2071.875,11,15.1068
2071,2072,2071.95833333333,12,14.4522
2072,2072,2072.04166666667,1,14.2331
2072,2072,2072.125,2,14.4439
2072,2072,2072.20833333333,3,15.0927
2072,2072,2072.29166666667,4,15.9571
2072,2072,2072.375,5,16.8448
2072,2072,2072.45833333333,6,17.4808
2072,2072,2072.54166666667,7,17.7698
2072,2072,2072.625,8,17.5955
2072,2072,2072.70833333333,9,16.9014
2072,2072,2072.79166666667,10,15.9643
2072,2072,2072.875,11,15.0957
2072,2073,2072.95833333333,12,14.4307
2073,2073,2073.04166666667,1,14.2139
2073,2073,2073.125,2,14.4736
2073,2073,2073.20833333333,3,15.1041
2073,2073,2073.29166666667,4,15.964
2073,2073,2073.375,5,16.8425
2073,2073,2073.45833333333,6,17.4774
2073,2073,2073.54166666667,7,17.7869
2073,2073,2073.625,8,17.5767
2073,2073,2073.70833333333,9,16.9195
2073,2073,2073.79166666667,10,15.9907
2073,2073,2073.875,11,15.1279
2073,2074,2073.95833333333,12,14.4352
2074,2074,2074.04166666667,1,14.243
2074,2074,2074.125,2,14.5183
2074,2074,2074.20833333333,3,15.1386
2074,2074,2074.29166666667,4,16.0094
2074,2074,2074.375,5,16.8788
2074,2074,2074.45833333333,6,17.5246
2074,2074,2074.54166666667,7,17.8337
2074,2074,2074.625,8,17.6638
2074,2074,2074.70833333333,9,16.9559
2074,2074,2074.79166666667,10,16.0366
2074,2074,2074.875,11,15.1594
2074,2075,2074.95833333333,12,14.4636
2075,2075,2075.04166666667,1,14.2792
2075,2075,2075.125,2,14.4923
2075,2075,2075.20833333333,3,15.1726
2075,2075,2075.29166666667,4,16.0358
2075,2075,2075.375,5,16.8879
2075,2075,2075.45833333333,6,17.5398
2075,2075,2075.54166666667,7,17.8267
2075,2075,2075.625,8,17.6623
2075,2075,2075.70833333333,9,16.9842
2075,2075,2075.79166666667,10,16.1061
2075,2075,2075.875,11,15.186
2075,2076,2075.95833333333,12,14.494
2076,2076,2076.04166666667,1,14.2915
2076,2076,2076.125,2,14.6032
2076,2076,2076.20833333333,3,15.2173
2076,2076,2076.29166666667,4,16.0814
2076,2076,2076.375,5,16.9417
2076,2076,2076.45833333333,6,17.5783
2076,2076,2076.54166666667,7,17.8992
2076,2076,2076.625,8,17.7022
2076,2076,2076.70833333333,9,17.0191
2076,2076,2076.79166666667,10,16.1262
2076,2076,2076.875,11,15.2032
2076,2077,2076.95833333333,12,14.5702
2077,2077,2077.04166666667,1,14.3297
2077,2077,2077.125,2,14.5937
2077,2077,2077.20833333333,3,15.2249
2077,2077,2077.29166666667,4,16.1175
2077,2077,2077.375,5,16.9832
2077,2077,2077.45833333333,6,17.615
2077,2077,2077.54166666667,7,17.9126
2077,2077,2077.625,8,17.7348
2077,2077,2077.70833333333,9,17.0556
2077,2077,2077.79166666667,10,16.1299
2077,2077,2077.875,11,15.2283
2077,2078,2077.95833333333,12,14.5538
2078,2078,2078.04166666667,1,14.3437
2078,2078,2078.125,2,14.5695
2078,2078,2078.20833333333,3,15.1977
2078,2078,2078.29166666667,4,16.0718
2078,2078,2078.375,5,16.944
2078,2078,2078.45833333333,6,17.5853
2078,2078,2078.54166666667,7,17.8654
2078,2078,2078.625,8,17.686
2078,2078,2078.70833333333,9,17.0188
2078,2078,2078.79166666667,10,16.1391
2078,2078,2078.875,11,15.252
2078,2079,2078.95833333333,12,14.5811
2079,2079,2079.04166666667,1,14.3689
2079,2079,2079.125,2,14.6287
2079,2079,2079.20833333333,3,15.2578
2079,2079,2079.29166666667,4,16.1161
2079,2079,2079.375,5,16.9808
2079,2079,2079.45833333333,6,17.6289
2079,2079,2079.54166666667,7,17.9311
2079,2079,2079.625,8,17.7485
2079,2079,2079.70833333333,9,17.0757
2079,2079,2079.79166666667,10,16.1699
2079,2079,2079.875,11,15.2489
2079,2080,2079.95833333333,12,14.5811
2080,2080,2080.04166666667,1,14.3581
2080,2080,2080.125,2,14.5944
2080,2080,2080.20833333333,3,15.2533
2080,2080,2080.29166666667,4,16.1396
2080,2080,2080.375,5,17.0012
2080,2080,2080.45833333333,6,17.6753
2080,2080,2080.54166666667,7,17.9848
2080,2080,2080.625,8,17.8027
2080,2080,2080.70833333333,9,17.1224
2080,2080,2080.79166666667,10,16.2267000000001
2080,2080,2080.875,11,15.3253
2080,2081,2080.95833333333,12,14.6701
2081,2081,2081.04166666667,1,14.4877
2081,2081,2081.125,2,14.7083
2081,2081,2081.20833333333,3,15.3298
2081,2081,2081.29166666667,4,16.2078
2081,2081,2081.375,5,17.0716
2081,2081,2081.45833333333,6,17.6975
2081,2081,2081.54166666667,7,18.0079
2081,2081,2081.625,8,17.8354
2081,2081,2081.70833333333,9,17.1298
2081,2081,2081.79166666667,10,16.2476
2081,2081,2081.875,11,15.3423
2081,2082,2081.95833333333,12,14.6753
2082,2082,2082.04166666667,1,14.4541
2082,2082,2082.125,2,14.6658
2082,2082,2082.20833333333,3,15.31
2082,2082,2082.29166666667,4,16.1777
2082,2082,2082.375,5,17.0469000000001
2082,2082,2082.45833333333,6,17.69
2082,2082,2082.54166666667,7,18.0052
2082,2082,2082.625,8,17.8269
2082,2082,2082.70833333333,9,17.1351
2082,2082,2082.79166666667,10,16.2344000000001
2082,2082,2082.875,11,15.3164
2082,2083,2082.95833333333,12,14.6343
2083,2083,2083.04166666667,1,14.4607
2083,2083,2083.125,2,14.7108
2083,2083,2083.20833333333,3,15.3092
2083,2083,2083.29166666667,4,16.1928
2083,2083,2083.375,5,17.0597
2083,2083,2083.45833333333,6,17.7083
2083,2083,2083.54166666667,7,18.0266
2083,2083,2083.625,8,17.858
2083,2083,2083.70833333333,9,17.1872
2083,2083,2083.79166666667,10,16.2624
2083,2083,2083.875,11,15.376
2083,2084,2083.95833333333,12,14.7361
2084,2084,2084.04166666667,1,14.464
2084,2084,2084.125,2,14.732
2084,2084,2084.20833333333,3,15.3581
2084,2084,2084.29166666667,4,16.2468
2084,2084,2084.375,5,17.0954
2084,2084,2084.45833333333,6,17.7544
2084,2084,2084.54166666667,7,18.051
2084,2084,2084.625,8,17.8726
2084,2084,2084.70833333333,9,17.1769
2084,2084,2084.79166666667,10,16.279
2084,2084,2084.875,11,15.4099000000001
2084,2085,2084.95833333333,12,14.742
2085,2085,2085.04166666667,1,14.5641
2085,2085,2085.125,2,14.8017
2085,2085,2085.20833333333,3,15.4043
2085,2085,2085.29166666667,4,16.2914
2085,2085,2085.375,5,17.1477
2085,2085,2085.45833333333,6,17.7779
2085,2085,2085.54166666667,7,18.0712
2085,2085,2085.625,8,17.9016
2085,2085,2085.70833333333,9,17.2190000000001
2085,2085,2085.79166666667,10,16.3254
2085,2085,2085.875,11,15.4081
2085,2086,2085.95833333333,12,14.7369
2086,2086,2086.04166666667,1,14.5126
2086,2086,2086.125,2,14.7584
2086,2086,2086.20833333333,3,15.3869
2086,2086,2086.29166666667,4,16.271
2086,2086,2086.375,5,17.1189
2086,2086,2086.45833333333,6,17.7413
2086,2086,2086.54166666667,7,18.0529
2086,2086,2086.625,8,17.8775
2086,2086,2086.70833333333,9,17.2084
2086,2086,2086.79166666667,10,16.3291
2086,2086,2086.875,11,15.452
2086,2087,2086.95833333333,12,14.7993
2087,2087,2087.04166666667,1,14.5918
2087,2087,2087.125,2,14.8417
2087,2087,2087.20833333333,3,15.4533
2087,2087,2087.29166666667,4,16.322
2087,2087,2087.375,5,17.1934
2087,2087,2087.45833333333,6,17.8332
2087,2087,2087.54166666667,7,18.1445000000001
2087,2087,2087.625,8,17.9726
2087,2087,2087.70833333333,9,17.3095
2087,2087,2087.79166666667,10,16.3777
2087,2087,2087.875,11,15.5012
2087,2088,2087.95833333333,12,14.8432
2088,2088,2088.04166666667,1,14.6281
2088,2088,2088.125,2,14.8739
2088,2088,2088.20833333333,3,15.5437
2088,2088,2088.29166666667,4,16.3926
2088,2088,2088.375,5,17.2177
2088,2088,2088.45833333333,6,17.8492
2088,2088,2088.54166666667,7,18.138
2088,2088,2088.625,8,17.9844000000001
2088,2088,2088.70833333333,9,17.2745
2088,2088,2088.79166666667,10,16.3622
2088,2088,2088.875,11,15.4583
2088,2089,2088.95833333333,12,14.7777
2089,2089,2089.04166666667,1,14.578
2089,2089,2089.125,2,14.8081
2089,2089,2089.20833333333,3,15.4351
2089,2089,2089.29166666667,4,16.3577
2089,2089,2089.375,5,17.2189
2089,2089,2089.45833333333,6,17.8656
2089,2089,2089.54166666667,7,18.1776
2089,2089,2089.625,8,18.028
2089,2089,2089.70833333333,9,17.3472
2089,2089,2089.79166666667,10,16.4355
2089,2089,2089.875,11,15.5213
2089,2090,2089.95833333333,12,14.8712
2090,2090,2090.04166666667,1,14.6644
2090,2090,2090.125,2,14.8983
2090,2090,2090.20833333333,3,15.5606
2090,2090,2090.29166666667,4,16.4113
2090,2090,2090.375,5,17.2687
2090,2090,2090.45833333333,6,17.9037
2090,2090,2090.54166666667,7,18.2045
2090,2090,2090.625,8,18.0131
2090,2090,2090.70833333333,9,17.3413
2090,2090,2090.79166666667,10,16.4299
2090,2090,2090.875,11,15.5279
2090,2091,2090.95833333333,12,14.8649
2091,2091,2091.04166666667,1,14.6474
2091,2091,2091.125,2,14.9138
2091,2091,2091.20833333333,3,15.5265
2091,2091,2091.29166666667,4,16.3715
2091,2091,2091.375,5,17.2141
2091,2091,2091.45833333333,6,17.843
2091,2091,2091.54166666667,7,18.1575
2091,2091,2091.625,8,18.0254
2091,2091,2091.70833333333,9,17.3347
2091,2091,2091.79166666667,10,16.4225
2091,2091,2091.875,11,15.5355
2091,2092,2091.95833333333,12,14.8929
2092,2092,2092.04166666667,1,14.6768
2092,2092,2092.125,2,14.9357
2092,2092,2092.20833333333,3,15.5378
2092,2092,2092.29166666667,4,16.4435
2092,2092,2092.375,5,17.2979
2092,2092,2092.45833333333,6,17.9348
2092,2092,2092.54166666667,7,18.2412
2092,2092,2092.625,8,18.0585
2092,2092,2092.70833333333,9,17.3833
2092,2092,2092.79166666667,10,16.4805
2092,2092,2092.875,11,15.5892
2092,2093,2092.95833333333,12,14.9359
2093,2093,2093.04166666667,1,14.7249
2093,2093,2093.125,2,14.9637
2093,2093,2093.20833333333,3,15.5873
2093,2093,2093.29166666667,4,16.4948
2093,2093,2093.375,5,17.3317
2093,2093,2093.45833333333,6,17.9654
2093,2093,2093.54166666667,7,18.2803
2093,2093,2093.625,8,18.1015
2093,2093,2093.70833333333,9,17.4405
2093,2093,2093.79166666667,10,16.5097
2093,2093,2093.875,11,15.6045
2093,2094,2093.95833333333,12,14.9907
2094,2094,2094.04166666667,1,14.7552
2094,2094,2094.125,2,14.9753
2094,2094,2094.20833333333,3,15.5871
2094,2094,2094.29166666667,4,16.459
2094,2094,2094.375,5,17.3075
2094,2094,2094.45833333333,6,17.9659
2094,2094,2094.54166666667,7,18.2652
2094,2094,2094.625,8,18.0836
2094,2094,2094.70833333333,9,17.4198
2094,2094,2094.79166666667,10,16.4848
2094,2094,2094.875,11,15.5874
2094,2095,2094.95833333333,12,14.9396
2095,2095,2095.04166666667,1,14.7359
2095,2095,2095.125,2,14.9673
2095,2095,2095.20833333333,3,15.6135
2095,2095,2095.29166666667,4,16.4705
2095,2095,2095.375,5,17.3041
2095,2095,2095.45833333333,6,17.9464
2095,2095,2095.54166666667,7,18.2584
2095,2095,2095.625,8,18.066
2095,2095,2095.70833333333,9,17.4
2095,2095,2095.79166666667,10,16.5215
2095,2095,2095.875,11,15.6026
2095,2096,2095.95833333333,12,14.9641
2096,2096,2096.04166666667,1,14.7536
2096,2096,2096.125,2,15.0249
2096,2096,2096.20833333333,3,15.6311
2096,2096,2096.29166666667,4,16.4904
2096,2096,2096.375,5,17.3497
2096,2096,2096.45833333333,6,17.9719
2096,2096,2096.54166666667,7,18.2912
2096,2096,2096.625,8,18.1164
2096,2096,2096.70833333333,9,17.4312
2096,2096,2096.79166666667,10,16.5304
2096,2096,2096.875,11,15.6273
2096,2097,2096.95833333333,12,14.9512
2097,2097,2097.04166666667,1,14.7849000000001
2097,2097,2097.125,2,15.0221
2097,2097,2097.20833333333,3,15.6673
2097,2097,2097.29166666667,4,16.5227
2097,2097,2097.375,5,17.3671000000001
2097,2097,2097.45833333333,6,17.9949
2097,2097,2097.54166666667,7,18.3163
2097,2097,2097.625,8,18.1365
2097,2097,2097.70833333333,9,17.4488
2097,2097,2097.79166666667,10,16.5574
2097,2097,2097.875,11,15.6751
2097,2098,2097.95833333333,12,15.009
2098,2098,2098.04166666667,1,14.8320000000001
2098,2098,2098.125,2,15.0539
2098,2098,2098.20833333333,3,15.6933
2098,2098,2098.29166666667,4,16.5188
2098,2098,2098.375,5,17.4049
2098,2098,2098.45833333333,6,18.0416
2098,2098,2098.54166666667,7,18.3331
2098,2098,2098.625,8,18.1706
2098,2098,2098.70833333333,9,17.4749
2098,2098,2098.79166666667,10,16.6
2098,2098,2098.875,11,15.6854
2098,2099,2098.95833333333,12,15.0665
2099,2099,2099.04166666667,1,14.8685
2099,2099,2099.125,2,15.0787
2099,2099,2099.20833333333,3,15.6616
2099,2099,2099.29166666667,4,16.5328
2099,2099,2099.375,5,17.3773
2099,2099,2099.45833333333,6,18.0109
2099,2099,2099.54166666667,7,18.3233
2099,2099,2099.625,8,18.1645
2099,2099,2099.70833333333,9,17.4844000000001
2099,2099,2099.79166666667,10,16.5775
2099,2099,2099.875,11,15.6744
2099,2100,2099.95833333333,12,15.02
